year,species_code,comp_type,iss_length,region
1990,10110,female,2681.0075605307743,goa
1990,10110,male,1617.6205280514484,goa
1990,10110,total,3648.1819956278255,goa
1990,10130,female,1121.8680529217395,goa
1990,10130,male,935.1789536038176,goa
1990,10130,total,1731.0722530571195,goa
1990,10180,female,535.7315129212855,goa
1990,10180,male,242.5012232653287,goa
1990,10180,total,630.0085498423824,goa
1990,20510,female,198.4513063753763,goa
1990,20510,male,567.2393053517184,goa
1990,20510,total,526.0862454264959,goa
1990,21720,female,467.1517096045219,goa
1990,21720,male,401.65193248082016,goa
1990,21720,total,568.6420811378662,goa
1990,21740,female,680.8390040295832,goa
1990,21740,male,470.4660645075697,goa
1990,21740,total,460.10215881770625,goa
1990,30060,female,134.7922968752336,goa
1990,30060,male,217.24201214504424,goa
1990,30060,total,224.48834923500857,goa
1990,30420,female,62.586928410364855,goa
1990,30420,male,70.94342878280861,goa
1990,30420,total,93.80048296287752,goa
1993,10110,female,5650.255678607111,goa
1993,10110,male,2397.0390609175984,goa
1993,10110,total,7158.260089356176,goa
1993,10130,female,1129.8918298600229,goa
1993,10130,male,899.2545267314198,goa
1993,10130,total,2086.339841710156,goa
1993,10180,female,1101.5594349154867,goa
1993,10180,male,1052.301666163995,goa
1993,10180,total,1997.8984273740211,goa
1993,20510,female,221.2044210542007,goa
1993,20510,male,224.7139882225783,goa
1993,20510,total,304.47227697551057,goa
1993,21720,female,660.1948877926601,goa
1993,21720,male,608.1836102833511,goa
1993,21720,total,951.5239026935149,goa
1993,21740,female,675.7237676924485,goa
1993,21740,male,486.428819201128,goa
1993,21740,total,880.0342494088227,goa
1993,30060,female,224.89318743521133,goa
1993,30060,male,269.5318287902479,goa
1993,30060,total,302.79236465155986,goa
1993,30420,female,99.59397670089442,goa
1993,30420,male,151.8547282493613,goa
1993,30420,total,180.670142716195,goa
1996,10110,female,5231.854249833135,goa
1996,10110,male,2108.408882837391,goa
1996,10110,total,6102.81233327454,goa
1996,10130,female,1724.9071719149156,goa
1996,10130,male,1415.599465807013,goa
1996,10130,total,2928.0593603672146,goa
1996,10180,female,1026.3894119325782,goa
1996,10180,male,992.1292392068116,goa
1996,10180,total,1751.97959154493,goa
1996,20510,female,378.5191745038898,goa
1996,20510,male,593.6865501833713,goa
1996,20510,total,712.9583785901939,goa
1996,21720,female,373.21142277710675,goa
1996,21720,male,187.23818322574152,goa
1996,21720,total,303.3969224807585,goa
1996,21740,female,345.4097671322697,goa
1996,21740,male,264.891286822598,goa
1996,21740,total,123.16602023796298,goa
1996,30060,female,211.73287749939365,goa
1996,30060,male,174.15829075689794,goa
1996,30060,total,237.8482202193533,goa
1996,30420,female,97.1383898953455,goa
1996,30420,male,129.73346098857834,goa
1996,30420,total,188.15882959440785,goa
1999,10110,female,5274.954111982666,goa
1999,10110,male,2709.702036979368,goa
1999,10110,total,6866.050051339366,goa
1999,10130,female,1498.444104432325,goa
1999,10130,male,1330.568561101776,goa
1999,10130,total,2487.04531643121,goa
1999,10180,female,973.73958211353,goa
1999,10180,male,943.09443705707,goa
1999,10180,total,1674.0332390903418,goa
1999,20510,female,593.2790915999586,goa
1999,20510,male,761.7147145558928,goa
1999,20510,total,990.1486132655574,goa
1999,21720,female,1083.2809303589788,goa
1999,21720,male,992.3431809632856,goa
1999,21720,total,1473.0273967766072,goa
1999,21740,female,538.5023730767839,goa
1999,21740,male,247.9362526040343,goa
1999,21740,total,443.8533880138433,goa
1999,30060,female,166.08307882404097,goa
1999,30060,male,111.11538249595309,goa
1999,30060,total,204.58110932256884,goa
1999,30420,female,71.83212301913296,goa
1999,30420,male,85.23404185972815,goa
1999,30420,total,160.66260487002452,goa
2001,10110,female,2845.44354673278,goa
2001,10110,male,1358.4139140732882,goa
2001,10110,total,3511.744896192818,goa
2001,10130,female,1305.0428074908368,goa
2001,10130,male,1003.0622035418644,goa
2001,10130,total,2117.4180205043835,goa
2001,10180,female,368.95228139194035,goa
2001,10180,male,342.79735705975986,goa
2001,10180,total,660.1603729192894,goa
2001,20510,female,256.303827397281,goa
2001,20510,male,308.9101648873703,goa
2001,20510,total,422.3903239590617,goa
2001,21720,female,573.4044930799042,goa
2001,21720,male,526.5218565506501,goa
2001,21720,total,770.9585815617424,goa
2001,21740,female,87.987600963393,goa
2001,21740,male,92.63458140108555,goa
2001,21740,total,99.0967230775962,goa
2001,30060,female,68.27005131186864,goa
2001,30060,male,69.64748254289667,goa
2001,30060,total,78.17418285235439,goa
2001,30420,female,79.21865336074215,goa
2001,30420,male,142.44358327572215,goa
2001,30420,total,159.8625385972839,goa
2003,10110,female,2230.8489082706405,goa
2003,10110,male,1213.1479781837447,goa
2003,10110,total,2647.1202904173306,goa
2003,10130,female,2407.53878300987,goa
2003,10130,male,1996.536366370795,goa
2003,10130,total,3736.840162082519,goa
2003,10180,female,488.385500918869,goa
2003,10180,male,538.7247241611117,goa
2003,10180,total,769.7639378974101,goa
2003,20510,female,505.5695000172039,goa
2003,20510,male,560.0505850919423,goa
2003,20510,total,827.3818691137498,goa
2003,21720,female,1041.7709052196792,goa
2003,21720,male,1135.010761298107,goa
2003,21720,total,1716.4486646547568,goa
2003,21740,female,840.3745820844471,goa
2003,21740,male,756.4192820755816,goa
2003,21740,total,897.6245673061612,goa
2003,30060,female,369.7324110368071,goa
2003,30060,male,395.1136941988365,goa
2003,30060,total,500.85985261521773,goa
2003,30420,female,151.62792548789875,goa
2003,30420,male,155.5456172539911,goa
2003,30420,total,246.41994586753415,goa
2005,10110,female,5471.624294135425,goa
2005,10110,male,2377.383300842548,goa
2005,10110,total,6642.78689295412,goa
2005,10130,female,2374.8647000738993,goa
2005,10130,male,1804.0518982627527,goa
2005,10130,total,3420.307268397856,goa
2005,10180,female,879.4805317106807,goa
2005,10180,male,1056.8754784176351,goa
2005,10180,total,1820.23565379342,goa
2005,20510,female,555.1989228141647,goa
2005,20510,male,850.1679043267617,goa
2005,20510,total,1159.4457616613035,goa
2005,21720,female,381.19231260147853,goa
2005,21720,male,417.962836803267,goa
2005,21720,total,514.9503145676039,goa
2005,21740,female,862.1795055617115,goa
2005,21740,male,692.9345751017537,goa
2005,21740,total,382.47848772962135,goa
2005,30060,female,496.4602820035251,goa
2005,30060,male,496.5640758836939,goa
2005,30060,total,640.9307242435183,goa
2005,30420,female,25.572609397521635,goa
2005,30420,male,96.2141953554999,goa
2005,30420,total,51.63881865349793,goa
2007,10110,female,4627.118454790373,goa
2007,10110,male,1904.1449993424517,goa
2007,10110,total,5192.416452755714,goa
2007,10130,female,2042.6289738071791,goa
2007,10130,male,1419.4778066123213,goa
2007,10130,total,2794.7425241630135,goa
2007,10180,female,658.903550427217,goa
2007,10180,male,790.7645657794401,goa
2007,10180,total,1342.094007075198,goa
2007,20510,female,626.653234474233,goa
2007,20510,male,1038.0547284506683,goa
2007,20510,total,1490.048290705009,goa
2007,21720,female,343.2068313114231,goa
2007,21720,male,382.3053125719434,goa
2007,21720,total,437.44317891884265,goa
2007,21740,female,354.0680186281658,goa
2007,21740,male,343.016033991104,goa
2007,21740,total,435.611357141778,goa
2007,30060,female,414.2407293757424,goa
2007,30060,male,407.640617273372,goa
2007,30060,total,495.7777718004667,goa
2007,30420,female,223.57870026356753,goa
2007,30420,male,167.6730057913622,goa
2007,30420,total,264.5589633460334,goa
2009,10110,female,2724.3153199186277,goa
2009,10110,male,1530.1081569812156,goa
2009,10110,total,3070.9530227392465,goa
2009,10130,female,930.669747788806,goa
2009,10130,male,1053.1832226417762,goa
2009,10130,total,1681.7114745296867,goa
2009,10180,female,867.6017743058252,goa
2009,10180,male,932.297528449032,goa
2009,10180,total,1694.0686809286342,goa
2009,20510,female,322.42514590970194,goa
2009,20510,male,616.1468935347916,goa
2009,20510,total,637.5350488382967,goa
2009,21720,female,486.637281591194,goa
2009,21720,male,458.17896602194776,goa
2009,21720,total,107.78874521239626,goa
2009,21740,female,448.0452829515669,goa
2009,21740,male,344.27059183144763,goa
2009,21740,total,394.3018055564031,goa
2009,30060,female,503.6373076789168,goa
2009,30060,male,527.6698991767208,goa
2009,30060,total,672.1726027326939,goa
2009,30420,female,164.34306574344637,goa
2009,30420,male,200.21606744919092,goa
2009,30420,total,317.837274743647,goa
2011,10110,female,3004.1978299889847,goa
2011,10110,male,1659.3544171546969,goa
2011,10110,total,3836.1845186118826,goa
2011,10130,female,857.7235229241481,goa
2011,10130,male,502.70647352756527,goa
2011,10130,total,990.4033472698828,goa
2011,10180,female,697.120729629084,goa
2011,10180,male,707.5496130422381,goa
2011,10180,total,1297.5872349831102,goa
2011,20510,female,348.11244436742373,goa
2011,20510,male,652.2030773619172,goa
2011,20510,total,893.4310460607186,goa
2011,21720,female,502.79589562775936,goa
2011,21720,male,581.1049669618781,goa
2011,21720,total,696.3469066849729,goa
2011,21740,female,458.6891192449935,goa
2011,21740,male,364.4349128671343,goa
2011,21740,total,471.3219336704884,goa
2011,30060,female,294.6414775261568,goa
2011,30060,male,296.1965495843496,goa
2011,30060,total,354.60840983034507,goa
2011,30420,female,153.38114389394562,goa
2011,30420,male,140.29887674626067,goa
2011,30420,total,342.49320425013195,goa
2013,10110,female,1924.0418587740096,goa
2013,10110,male,1180.8818862084902,goa
2013,10110,total,2583.180079935491,goa
2013,10130,female,1547.047666484346,goa
2013,10130,male,780.4867881224031,goa
2013,10130,total,1780.2536999845763,goa
2013,10180,female,404.0926104957421,goa
2013,10180,male,324.66334599004375,goa
2013,10180,total,569.3216377838407,goa
2013,20510,female,201.66324575973485,goa
2013,20510,male,359.80196376045023,goa
2013,20510,total,535.9174097340203,goa
2013,21720,female,432.23082563088633,goa
2013,21720,male,368.8148062584109,goa
2013,21720,total,490.743126302592,goa
2013,21740,female,161.05630186208862,goa
2013,21740,male,147.1864010773462,goa
2013,21740,total,168.29886782868914,goa
2013,30060,female,436.6370624960275,goa
2013,30060,male,492.6552113421613,goa
2013,30060,total,662.2817471233406,goa
2013,30420,female,88.69967787512653,goa
2013,30420,male,82.62874846410013,goa
2013,30420,total,137.69219117833987,goa
2015,10110,female,3452.7594949126133,goa
2015,10110,male,1509.7792608680447,goa
2015,10110,total,4009.8464726972234,goa
2015,10130,female,2182.117911996548,goa
2015,10130,male,1729.656985229488,goa
2015,10130,total,3387.182416145757,goa
2015,10180,female,449.3112149392932,goa
2015,10180,male,509.8330466819671,goa
2015,10180,total,855.2965828633202,goa
2015,20510,female,318.45715331678554,goa
2015,20510,male,460.655240392212,goa
2015,20510,total,574.8279027391717,goa
2015,21720,female,1140.9555350964802,goa
2015,21720,male,1157.3050109472558,goa
2015,21720,total,1593.8247012835525,goa
2015,21740,female,458.1252496074474,goa
2015,21740,male,372.8695926585161,goa
2015,21740,total,478.4225350118658,goa
2015,30060,female,481.4763398566501,goa
2015,30060,male,523.2904338728187,goa
2015,30060,total,651.841323185328,goa
2015,30420,female,176.47223178800988,goa
2015,30420,male,97.72005181299996,goa
2015,30420,total,243.17505825346333,goa
2017,10110,female,2716.00362787297,goa
2017,10110,male,1448.6449633878788,goa
2017,10110,total,3749.6530913029865,goa
2017,10130,female,1282.5870826810958,goa
2017,10130,male,1057.1590001189722,goa
2017,10130,total,1928.1033209168831,goa
2017,10180,female,379.4197368377642,goa
2017,10180,male,331.92211866144146,goa
2017,10180,total,664.3685816082582,goa
2017,20510,female,204.97323905564497,goa
2017,20510,male,221.5815105329279,goa
2017,20510,total,253.6465544072348,goa
2017,21720,female,471.1322639502266,goa
2017,21720,male,383.03946683758494,goa
2017,21720,total,717.6611921937058,goa
2017,21740,female,74.01050464354881,goa
2017,21740,male,74.59364238867452,goa
2017,21740,total,94.74086905173117,goa
2017,30060,female,291.66253366238783,goa
2017,30060,male,242.3391366166742,goa
2017,30060,total,392.28702321876335,goa
2017,30420,female,94.02810040318974,goa
2017,30420,male,171.8849606611737,goa
2017,30420,total,192.88803513608113,goa
2019,10110,female,4399.241920320955,goa
2019,10110,male,2606.3104527069786,goa
2019,10110,total,5780.337007480862,goa
2019,10130,female,936.5415397383824,goa
2019,10130,male,688.8161802656939,goa
2019,10130,total,1190.9061853749613,goa
2019,10180,female,419.5789117420519,goa
2019,10180,male,454.21596387326815,goa
2019,10180,total,781.6039148719276,goa
2019,20510,female,1171.280799449313,goa
2019,20510,male,1238.411968278605,goa
2019,20510,total,1997.2469533457763,goa
2019,21720,female,251.84990162443447,goa
2019,21720,male,264.4470731438029,goa
2019,21720,total,345.68022276100555,goa
2019,21740,female,431.5401134125756,goa
2019,21740,male,279.0613652462804,goa
2019,21740,total,330.6986672483576,goa
2019,30060,female,707.5385831654794,goa
2019,30060,male,521.0786878586136,goa
2019,30060,total,758.5588193728855,goa
2019,30420,female,121.1834431992416,goa
2019,30420,male,194.07322856723945,goa
2019,30420,total,251.06962896277284,goa
2021,10110,female,3458.177576373236,goa
2021,10110,male,2035.9369336508676,goa
2021,10110,total,4553.113923395993,goa
2021,10130,female,1298.3370641019735,goa
2021,10130,male,1251.2065643214655,goa
2021,10130,total,2090.8630370374203,goa
2021,10180,female,478.9900346374707,goa
2021,10180,male,482.6963825498861,goa
2021,10180,total,862.4888893881437,goa
2021,20510,female,996.339404088417,goa
2021,20510,male,964.3750928821668,goa
2021,20510,total,1494.2267541500191,goa
2021,21720,female,732.6869059844549,goa
2021,21720,male,655.6877864339511,goa
2021,21720,total,1149.2110059996223,goa
2021,21740,female,402.05358533201024,goa
2021,21740,male,332.60642687110686,goa
2021,21740,total,435.8854685188557,goa
2021,30060,female,283.4371108551371,goa
2021,30060,male,313.08970384196164,goa
2021,30060,total,394.83717110450056,goa
2021,30420,female,156.24823617918128,goa
2021,30420,male,264.3121915067699,goa
2021,30420,total,335.3900031114542,goa
1990,10200,female,902.3634118058096,goa
1990,10200,male,517.505723889133,goa
1990,10200,total,1278.4324487336155,goa
1993,10200,female,1802.242104191007,goa
1993,10200,male,974.4812926855918,goa
1993,10200,total,2292.4665270965957,goa
1996,10200,female,1479.3579714395769,goa
1996,10200,male,1107.5690232900608,goa
1996,10200,total,2228.233117140511,goa
1996,10261,female,769.1322087232344,goa
1996,10261,male,308.2842984363222,goa
1996,10261,total,592.650846157736,goa
1996,10262,female,1434.161013680433,goa
1996,10262,male,402.1670944033651,goa
1996,10262,total,1730.14137872575,goa
1999,10200,female,1426.385300873207,goa
1999,10200,male,1008.789436933228,goa
1999,10200,total,1940.7603203208553,goa
1999,10261,female,320.213043661854,goa
1999,10261,male,299.8851970134803,goa
1999,10261,total,496.01021007339983,goa
1999,10262,female,1451.1675527431876,goa
1999,10262,male,394.4946315319067,goa
1999,10262,total,1638.7047026271457,goa
2001,10200,female,894.6371258724164,goa
2001,10200,male,594.6228488561674,goa
2001,10200,total,1181.2480450279097,goa
2001,10261,female,941.6079310353086,goa
2001,10261,male,614.6141135309397,goa
2001,10261,total,1359.776147981204,goa
2001,10262,female,1152.1055572806931,goa
2001,10262,male,405.26204417193,goa
2001,10262,total,1454.2167513476995,goa
2003,10200,female,1724.4183267861204,goa
2003,10200,male,1376.092302232781,goa
2003,10200,total,2491.3894682558976,goa
2003,10261,female,1154.5173475081356,goa
2003,10261,male,392.8666444487813,goa
2003,10261,total,947.4731871355508,goa
2003,10262,female,2241.5797329794186,goa
2003,10262,male,905.9026473543156,goa
2003,10262,total,2867.874053821673,goa
2005,10200,female,2075.0816224095583,goa
2005,10200,male,1324.5148365472155,goa
2005,10200,total,2881.8205724671257,goa
2005,10261,female,1168.0866291427578,goa
2005,10261,male,653.7058512365611,goa
2005,10261,total,1405.7694836090695,goa
2005,10262,female,1764.3560438440188,goa
2005,10262,male,456.5168264287392,goa
2005,10262,total,1724.9657970542453,goa
2007,10200,female,1339.082172771238,goa
2007,10200,male,1056.9882263373552,goa
2007,10200,total,1790.5373055050202,goa
2007,10261,female,1109.3850749523044,goa
2007,10261,male,594.9702563649442,goa
2007,10261,total,1238.126238797717,goa
2007,10262,female,2926.4760349196968,goa
2007,10262,male,1076.98122150049,goa
2007,10262,total,3586.4772338681546,goa
2009,10200,female,2151.4981832706303,goa
2009,10200,male,1374.498377141933,goa
2009,10200,total,2818.2956673908293,goa
2009,10261,female,768.0254766854245,goa
2009,10261,male,347.94627382789,goa
2009,10261,total,565.7528247904613,goa
2009,10262,female,1358.3619330245465,goa
2009,10262,male,367.8950463787549,goa
2009,10262,total,1200.986051198946,goa
2011,10200,female,1634.383804262877,goa
2011,10200,male,1207.2445795871122,goa
2011,10200,total,2477.716639950893,goa
2011,10261,female,651.0758043656745,goa
2011,10261,male,394.9608565501121,goa
2011,10261,total,1004.563199549608,goa
2011,10262,female,1739.7946548805928,goa
2011,10262,male,420.19516186626583,goa
2011,10262,total,1738.591357646039,goa
2013,10200,female,845.1359095227762,goa
2013,10200,male,569.8369812560368,goa
2013,10200,total,1099.3720052025894,goa
2013,10261,female,485.85926148597025,goa
2013,10261,male,225.63170041918872,goa
2013,10261,total,428.286023992797,goa
2013,10262,female,1181.986221331827,goa
2013,10262,male,602.286809195769,goa
2013,10262,total,1557.9908893402692,goa
2015,10200,female,1346.4347827131153,goa
2015,10200,male,719.4960680549037,goa
2015,10200,total,1494.4287734143752,goa
2015,10261,female,711.6115736026403,goa
2015,10261,male,390.4757632232974,goa
2015,10261,total,817.8758621130214,goa
2015,10262,female,1402.1002597671766,goa
2015,10262,male,682.9455482629414,goa
2015,10262,total,2000.264069879407,goa
2017,10200,female,1006.18697577517,goa
2017,10200,male,491.4812551973796,goa
2017,10200,total,1210.677941842414,goa
2017,10261,female,696.9766330553227,goa
2017,10261,male,409.7651889679347,goa
2017,10261,total,938.7761605424446,goa
2017,10262,female,793.07676149576,goa
2017,10262,male,414.65566370364127,goa
2017,10262,total,1064.5472723040846,goa
2019,10200,female,1201.2060964492082,goa
2019,10200,male,800.8382524572228,goa
2019,10200,total,1583.9629338363782,goa
2019,10261,female,527.2826798355636,goa
2019,10261,male,330.31621750221467,goa
2019,10261,total,825.3829256411391,goa
2019,10262,female,1343.260106645636,goa
2019,10262,male,626.1424736527708,goa
2019,10262,total,1894.4290977992264,goa
2021,10200,female,1538.679014730061,goa
2021,10200,male,1320.075107257979,goa
2021,10200,total,2402.5409288878973,goa
2021,10261,female,312.6134611480451,goa
2021,10261,male,210.5984419308764,goa
2021,10261,total,383.47057038589895,goa
2021,10262,female,1674.3388059264769,goa
2021,10262,male,592.4457558819505,goa
2021,10262,total,1902.8060046055552,goa
1990,3005012,female,318.8364149007781,goa
1990,3005012,male,312.1972568770065,goa
1990,3005012,total,430.4571204162328,goa
1993,3005012,female,398.5868356194502,goa
1993,3005012,male,339.20743891659095,goa
1993,3005012,total,481.8399473252716,goa
1996,3005012,female,458.6330783376201,goa
1996,3005012,male,455.446983818019,goa
1996,3005012,total,722.0765057168019,goa
1999,3005012,female,473.13389714992735,goa
1999,3005012,male,416.29890689813567,goa
1999,3005012,total,619.7016721792136,goa
2001,3005012,female,263.5764751082486,goa
2001,3005012,male,256.1961654818104,goa
2001,3005012,total,388.70377751702375,goa
2003,3005012,female,428.6615120520143,goa
2003,3005012,male,430.4051506188714,goa
2003,3005012,total,684.4505547340079,goa
2005,3005012,female,473.3949615227976,goa
2005,3005012,male,499.76820821946654,goa
2005,3005012,total,780.3677346365615,goa
2007,3005012,female,503.63915442404584,goa
2007,3005012,male,460.9481696548336,goa
2007,3005012,total,690.3311925961299,goa
2009,3005012,female,475.7175443245469,goa
2009,3005012,male,498.24503483874287,goa
2009,3005012,total,698.9560383050573,goa
2011,3005012,female,344.3117280597774,goa
2011,3005012,male,360.98779996657834,goa
2011,3005012,total,554.9759613929388,goa
2013,3005012,female,235.79508671840696,goa
2013,3005012,male,233.85213877297772,goa
2013,3005012,total,383.6142140988045,goa
2015,3005012,female,338.2587780957518,goa
2015,3005012,male,355.22764305410533,goa
2015,3005012,total,612.3251043469471,goa
2017,3005012,female,291.801185688802,goa
2017,3005012,male,284.90310428753503,goa
2017,3005012,total,460.7165537403492,goa
2019,3005012,female,88.2082660310501,goa
2019,3005012,male,110.57301721523868,goa
2019,3005012,total,120.13421832043622,goa
2021,3005012,female,306.1076530036666,goa
2021,3005012,male,314.20665168000676,goa
2021,3005012,total,564.6159288739966,goa
1990,301502,female,73.26273337701645,goa
1990,301502,male,68.97746481439309,goa
1990,301502,total,109.00675760063508,goa
1993,301502,female,81.84855839121295,goa
1993,301502,male,77.19926368742018,goa
1993,301502,total,95.26239543568836,goa
1996,301502,female,106.6070586472221,goa
1996,301502,male,84.40125366724263,goa
1996,301502,total,156.17353982725797,goa
1999,301502,female,173.34506298193386,goa
1999,301502,male,114.04673835590704,goa
1999,301502,total,213.10779786043025,goa
2001,301502,female,133.97992343342852,goa
2001,301502,male,94.89597375098892,goa
2001,301502,total,151.67471612062008,goa
2003,301502,female,58.433363386432305,goa
2003,301502,male,39.56722724501936,goa
2003,301502,total,55.39853139068904,goa
2005,301502,female,163.7397530080543,goa
2005,301502,male,110.39593554928835,goa
2005,301502,total,175.6785425387441,goa
2007,301502,female,141.69983905857126,goa
2007,301502,male,80.92497121113139,goa
2007,301502,total,147.40206722714126,goa
2009,301502,female,158.04503017231687,goa
2009,301502,male,156.41047038390997,goa
2009,301502,total,219.7912308402609,goa
2011,301502,female,141.8560351474573,goa
2011,301502,male,108.11574844875696,goa
2011,301502,total,222.46308000408567,goa
2013,301502,female,136.10576463668278,goa
2013,301502,male,158.88172711253625,goa
2013,301502,total,236.1011649950116,goa
2015,301502,female,279.29912009482047,goa
2015,301502,male,237.16368466436296,goa
2015,301502,total,413.8636077944502,goa
2017,301502,female,216.53739228218595,goa
2017,301502,male,184.9692419648289,goa
2017,301502,total,269.72629639873503,goa
2019,301502,female,287.44287852933377,goa
2019,301502,male,237.77541850698256,goa
2019,301502,total,381.5204111898266,goa
2021,301502,female,148.7481742920394,goa
2021,301502,male,104.09675934406036,goa
2021,301502,total,186.4641290816758,goa
1996,10261,female,259.411862541178,cgoa
1996,10261,female,598.1414970826696,wgoa
1996,10261,male,156.94331201674115,cgoa
1996,10261,male,247.60047313162937,wgoa
1996,10261,total,360.16862986239363,cgoa
1996,10261,total,466.7578518810214,wgoa
1996,10262,female,703.7827518798471,cgoa
1996,10262,female,56.79377952242133,egoa
1996,10262,female,855.8736511539885,wgoa
1996,10262,male,276.19474245974027,cgoa
1996,10262,male,22.76626402902569,egoa
1996,10262,male,146.58294741360862,wgoa
1996,10262,total,940.2922663216078,cgoa
1996,10262,total,82.92159376680047,egoa
1996,10262,total,774.4709737041575,wgoa
1999,10261,female,293.2957649191004,cgoa
1999,10261,female,243.64920577298676,wgoa
1999,10261,male,206.8568331497736,cgoa
1999,10261,male,237.58304529815092,wgoa
1999,10261,total,404.6256871081154,cgoa
1999,10261,total,378.7729020721552,wgoa
1999,10262,female,734.2128462136247,cgoa
1999,10262,female,145.6563185900718,egoa
1999,10262,female,599.2843655497599,wgoa
1999,10262,male,258.14805961355785,cgoa
1999,10262,male,60.66976872238286,egoa
1999,10262,male,164.5796627257701,wgoa
1999,10262,total,940.4206130937536,cgoa
1999,10262,total,196.81707682556095,egoa
1999,10262,total,626.3186866698969,wgoa
2001,10261,female,529.4827096699158,cgoa
2001,10261,female,548.0818809856601,wgoa
2001,10261,male,313.8254590564098,cgoa
2001,10261,male,312.80949203744643,wgoa
2001,10261,total,779.3844276931859,cgoa
2001,10261,total,736.8772225716074,wgoa
2001,10262,female,768.6917753995782,cgoa
2001,10262,female,484.11855338126736,wgoa
2001,10262,male,347.9406707070037,cgoa
2001,10262,male,139.41839786609358,wgoa
2001,10262,total,946.4548393905518,cgoa
2001,10262,total,621.6284230791447,wgoa
2003,10261,female,703.6805377218885,cgoa
2003,10261,female,574.8044497729592,wgoa
2003,10261,male,504.8744732486808,cgoa
2003,10261,male,233.67752981653965,wgoa
2003,10261,total,976.8996790825678,cgoa
2003,10261,total,502.5598417077276,wgoa
2003,10262,female,799.0499783218161,cgoa
2003,10262,female,128.33250823402037,egoa
2003,10262,female,1491.5279835852768,wgoa
2003,10262,male,396.19727015407415,cgoa
2003,10262,male,53.85824021292906,egoa
2003,10262,male,486.459484138102,wgoa
2003,10262,total,1068.5339569444106,cgoa
2003,10262,total,179.66421115863395,egoa
2003,10262,total,1746.273647080689,wgoa
2005,10261,female,520.0577946924741,cgoa
2005,10261,female,764.3229416664507,wgoa
2005,10261,male,267.7229661393526,cgoa
2005,10261,male,501.472566908429,wgoa
2005,10261,total,704.503262703594,cgoa
2005,10261,total,1020.978213467744,wgoa
2005,10262,female,881.856442192075,cgoa
2005,10262,female,134.43696998719065,egoa
2005,10262,female,827.9091902009766,wgoa
2005,10262,male,187.0341015891449,cgoa
2005,10262,male,69.75728793677922,egoa
2005,10262,male,342.1654672802726,wgoa
2005,10262,total,744.3512991855408,cgoa
2005,10262,total,196.58210603334555,egoa
2005,10262,total,1014.6923886697944,wgoa
2007,10261,female,425.1687993095466,cgoa
2007,10261,female,800.6355445456106,wgoa
2007,10261,male,295.93148122684653,cgoa
2007,10261,male,456.64891915948255,wgoa
2007,10261,total,619.1384107845153,cgoa
2007,10261,total,906.7736180373464,wgoa
2007,10262,female,1404.064963391808,cgoa
2007,10262,female,129.31089272204704,egoa
2007,10262,female,1447.6266060647963,wgoa
2007,10262,male,546.5657351581397,cgoa
2007,10262,male,50.43871420690228,egoa
2007,10262,male,521.2875606291888,wgoa
2007,10262,total,1740.7392622603204,cgoa
2007,10262,total,157.9459996333952,egoa
2007,10262,total,1759.3501283391904,wgoa
2009,10261,female,438.1303030881375,cgoa
2009,10261,female,11.010493349702204,egoa
2009,10261,female,465.2235694414761,wgoa
2009,10261,male,283.78334431754377,cgoa
2009,10261,male,313.8753702943607,wgoa
2009,10261,total,560.9122546449398,cgoa
2009,10261,total,11.446441067304862,egoa
2009,10261,total,408.983607659863,wgoa
2009,10262,female,563.4282633397056,cgoa
2009,10262,female,73.15777295802526,egoa
2009,10262,female,1021.299281470212,wgoa
2009,10262,male,167.5256958520515,cgoa
2009,10262,male,32.44497092197457,egoa
2009,10262,male,399.7203118902193,wgoa
2009,10262,total,494.90148955669457,cgoa
2009,10262,total,100.16966571256413,egoa
2009,10262,total,1251.5675876868554,wgoa
2011,10261,female,401.2071032424366,cgoa
2011,10261,female,13.398261303208532,egoa
2011,10261,female,385.1905525978551,wgoa
2011,10261,male,242.37131070925693,cgoa
2011,10261,male,266.28968378137336,wgoa
2011,10261,total,535.5632942280903,cgoa
2011,10261,total,13.398261303208532,egoa
2011,10261,total,626.9949523928595,wgoa
2011,10262,female,844.4331761164668,cgoa
2011,10262,female,76.84884118300279,egoa
2011,10262,female,947.9577520506704,wgoa
2011,10262,male,210.20423672387636,cgoa
2011,10262,male,28.904007556721332,egoa
2011,10262,male,245.8706464328858,wgoa
2011,10262,total,827.8572383112918,cgoa
2011,10262,total,102.0640620864898,egoa
2011,10262,total,1039.0993567789951,wgoa
2013,10261,female,241.34503849382935,cgoa
2013,10261,female,310.4498071279348,wgoa
2013,10261,male,124.499133700932,cgoa
2013,10261,male,221.17854573376377,wgoa
2013,10261,total,284.1842343189747,cgoa
2013,10261,total,303.4336293863873,wgoa
2013,10262,female,561.9700285359311,cgoa
2013,10262,female,56.89707244771699,egoa
2013,10262,female,711.6143705183272,wgoa
2013,10262,male,338.91877929293986,cgoa
2013,10262,male,39.543185363832144,egoa
2013,10262,male,278.11448256318045,wgoa
2013,10262,total,775.1099066595999,cgoa
2013,10262,total,89.64133727901938,egoa
2013,10262,total,906.252181618526,wgoa
2015,10261,female,400.40884448803087,cgoa
2015,10261,female,380.24221324929835,wgoa
2015,10261,male,275.3002964588572,cgoa
2015,10261,male,195.2117358168367,wgoa
2015,10261,total,559.7267941526461,cgoa
2015,10261,total,378.8669616695127,wgoa
2015,10262,female,873.6632622145554,cgoa
2015,10262,female,61.654775561221,egoa
2015,10262,female,1011.3464640961708,wgoa
2015,10262,male,378.42857169089007,cgoa
2015,10262,male,28.63510644833684,egoa
2015,10262,male,347.9686666879759,wgoa
2015,10262,total,1150.7383943069683,cgoa
2015,10262,total,87.76108246320631,egoa
2015,10262,total,1234.4054073609427,wgoa
2017,10261,female,269.7309978766826,cgoa
2017,10261,female,531.7130573684276,wgoa
2017,10261,male,213.33381489618765,cgoa
2017,10261,male,347.74335613685065,wgoa
2017,10261,total,413.2956816782363,cgoa
2017,10261,total,711.6769985373594,wgoa
2017,10262,female,555.7228517376177,cgoa
2017,10262,female,49.50876075773328,egoa
2017,10262,female,713.4238291137332,wgoa
2017,10262,male,345.8126288988919,cgoa
2017,10262,male,35.87494478572156,egoa
2017,10262,male,176.72958472218951,wgoa
2017,10262,total,778.8913274865091,cgoa
2017,10262,total,81.85626301872787,egoa
2017,10262,total,743.089384371628,wgoa
2019,10261,female,200.52279618864185,cgoa
2019,10261,female,375.7819312548905,wgoa
2019,10261,male,128.74196170649304,cgoa
2019,10261,male,257.98016420625214,wgoa
2019,10261,total,305.6260709113852,cgoa
2019,10261,total,598.4098894292116,wgoa
2019,10262,female,750.6589976572764,cgoa
2019,10262,female,57.69958319223928,egoa
2019,10262,female,571.1000766174377,wgoa
2019,10262,male,347.83999482245656,cgoa
2019,10262,male,27.90565456651319,egoa
2019,10262,male,252.499512219344,wgoa
2019,10262,total,1036.6620926926648,cgoa
2019,10262,total,85.14183292893065,egoa
2019,10262,total,782.2018142747177,wgoa
2021,10261,female,198.5891289022143,cgoa
2021,10261,female,135.36486157074538,wgoa
2021,10261,male,151.879930040394,cgoa
2021,10261,male,95.69624538495614,wgoa
2021,10261,total,278.5962643941691,cgoa
2021,10261,total,176.38056050418643,wgoa
2021,10262,female,754.7326890303019,cgoa
2021,10262,female,68.73035438068395,egoa
2021,10262,female,882.8149158634394,wgoa
2021,10262,male,421.56037788960265,cgoa
2021,10262,male,24.430654354005114,egoa
2021,10262,male,301.79936618267345,wgoa
2021,10262,total,1078.88597014951,cgoa
2021,10262,total,94.83397457529593,egoa
2021,10262,total,932.6854650736088,wgoa
1990,10200,female,157.67606930985647,egoa
1990,10200,female,861.0606801818889,wcgoa
1990,10200,male,310.0726344472825,egoa
1990,10200,male,400.4171156520511,wcgoa
1990,10200,total,373.28752769471134,egoa
1990,10200,total,1053.7587155296146,wcgoa
1993,10200,female,421.0460379139451,egoa
1993,10200,female,1810.2271867393383,wcgoa
1993,10200,male,419.4235816395913,egoa
1993,10200,male,713.2347494053914,wcgoa
1993,10200,total,922.6881743101392,egoa
1993,10200,total,1867.4080017373192,wcgoa
1996,10200,female,549.9262822806378,egoa
1996,10200,female,1164.0247360943908,wcgoa
1996,10200,male,618.2355740010034,egoa
1996,10200,male,662.5328685164422,wcgoa
1996,10200,total,1056.275561505146,egoa
1996,10200,total,1566.906407222728,wcgoa
1999,10200,female,738.4959959382049,egoa
1999,10200,female,911.2620574377524,wcgoa
1999,10200,male,527.9234403969068,egoa
1999,10200,male,663.9582774895795,wcgoa
1999,10200,total,961.5079631641532,egoa
1999,10200,total,1410.1920245985475,wcgoa
2001,10200,female,862.087464655756,wcgoa
2001,10200,male,587.4321877132418,wcgoa
2001,10200,total,1135.6267230077983,wcgoa
2003,10200,female,496.25511855684056,egoa
2003,10200,female,1630.379151036777,wcgoa
2003,10200,male,494.23970843583027,egoa
2003,10200,male,1158.179137959915,wcgoa
2003,10200,total,803.2891070723277,egoa
2003,10200,total,2437.218448067739,wcgoa
2005,10200,female,774.8102848567332,egoa
2005,10200,female,1541.6500630882638,wcgoa
2005,10200,male,851.601802302076,egoa
2005,10200,male,924.8477527408628,wcgoa
2005,10200,total,1447.7634981955346,egoa
2005,10200,total,2156.5665780305803,wcgoa
2007,10200,female,228.27174612819113,egoa
2007,10200,female,1588.1629659668013,wcgoa
2007,10200,male,336.33095741679534,egoa
2007,10200,male,1219.7882898898763,wcgoa
2007,10200,total,356.0768146115937,egoa
2007,10200,total,2453.3824320536187,wcgoa
2009,10200,female,440.79221377149565,egoa
2009,10200,female,2076.465943996957,wcgoa
2009,10200,male,295.37685297848276,egoa
2009,10200,male,1370.9923496531,wcgoa
2009,10200,total,538.8807504601745,egoa
2009,10200,total,3032.9252875947536,wcgoa
2011,10200,female,485.9071924409581,egoa
2011,10200,female,1345.5780246465642,wcgoa
2011,10200,male,500.6084325198254,egoa
2011,10200,male,919.7330622605202,wcgoa
2011,10200,total,827.5717198889264,egoa
2011,10200,total,2003.543851749297,wcgoa
2013,10200,female,325.70127682853035,egoa
2013,10200,female,776.6589940834489,wcgoa
2013,10200,male,355.63690456452167,egoa
2013,10200,male,582.5216512615334,wcgoa
2013,10200,total,585.3234130123312,egoa
2013,10200,total,950.1131655555424,wcgoa
2015,10200,female,423.8079126289173,egoa
2015,10200,female,1411.2380756576358,wcgoa
2015,10200,male,389.50183341111114,egoa
2015,10200,male,799.4772729498023,wcgoa
2015,10200,total,637.7895642586308,egoa
2015,10200,total,1726.1178087311905,wcgoa
2017,10200,female,316.6902632105511,egoa
2017,10200,female,802.4707959626184,wcgoa
2017,10200,male,258.34841498091504,egoa
2017,10200,male,375.34078730450216,wcgoa
2017,10200,total,502.81578152769606,egoa
2017,10200,total,856.5882056952346,wcgoa
2019,10200,female,369.6312199522904,egoa
2019,10200,female,1034.8446245408468,wcgoa
2019,10200,male,355.0566662919087,egoa
2019,10200,male,593.055057900886,wcgoa
2019,10200,total,575.2049505042045,egoa
2019,10200,total,1339.2982064020043,wcgoa
2021,10200,female,528.2269207061462,egoa
2021,10200,female,1295.567429960075,wcgoa
2021,10200,male,506.6351582231106,egoa
2021,10200,male,1142.3705618867184,wcgoa
2021,10200,total,918.85595156025,egoa
2021,10200,total,2097.219477025514,wcgoa
1991,10110,female,553.2501746596772,ai
1991,10110,male,416.711635412606,ai
1991,10110,total,737.8190850392407,ai
1991,10112,female,167.157357479141,ai
1991,10112,male,160.1819042911502,ai
1991,10112,total,292.93620878020846,ai
1991,21720,female,259.7566144235386,ai
1991,21720,male,263.06870339205346,ai
1991,21720,total,355.44888339946743,ai
1991,21740,female,458.2846332505885,ai
1991,21740,male,338.34916245757154,ai
1991,21740,total,482.0728091818067,ai
1991,21921,female,206.3377240714838,ai
1991,21921,male,204.66903955745255,ai
1991,21921,total,276.01137911355545,ai
1991,30060,female,197.20992745594737,ai
1991,30060,male,272.4944082697561,ai
1991,30060,total,289.1113666493264,ai
1991,30420,female,79.02272827478362,ai
1991,30420,male,83.54928191593201,ai
1991,30420,total,101.23863205139264,ai
1994,10110,female,1179.107563522433,ai
1994,10110,male,616.9955906274765,ai
1994,10110,total,1380.9297542067875,ai
1994,10112,female,242.28950071344477,ai
1994,10112,male,159.81419757418473,ai
1994,10112,total,271.1145598364861,ai
1994,21720,female,120.25619774126628,ai
1994,21720,male,118.27268285476596,ai
1994,21720,total,135.7829799613609,ai
1994,21740,female,313.03952424036703,ai
1994,21740,male,206.34640538201003,ai
1994,21740,total,265.3604634924328,ai
1994,21921,female,123.5359149916712,ai
1994,21921,male,110.32841093473594,ai
1994,21921,total,149.108842884992,ai
1994,30060,female,263.1533160573984,ai
1994,30060,male,312.8336278475325,ai
1994,30060,total,408.001648434094,ai
1994,30420,female,51.486497060781,ai
1994,30420,male,71.95648992445078,ai
1994,30420,total,79.11942703413929,ai
1997,10110,female,699.8836437762288,ai
1997,10110,male,568.5293183368526,ai
1997,10110,total,1022.9967564395578,ai
1997,10112,female,297.6021941589872,ai
1997,10112,male,193.9300161176719,ai
1997,10112,total,338.3695970719163,ai
1997,21720,female,418.46887147581873,ai
1997,21720,male,452.32975114058746,ai
1997,21720,total,574.6729203138468,ai
1997,21740,female,508.5452396327873,ai
1997,21740,male,407.2966394270165,ai
1997,21740,total,698.2471356310793,ai
1997,21921,female,139.10878531498784,ai
1997,21921,male,124.5792271804976,ai
1997,21921,total,160.54411722919608,ai
1997,30060,female,398.2938802427701,ai
1997,30060,male,418.4013730261246,ai
1997,30060,total,533.7574381597934,ai
1997,30420,female,116.61888428255088,ai
1997,30420,male,133.79157540508197,ai
1997,30420,total,164.1327927759447,ai
2000,10110,female,781.5415640947695,ai
2000,10110,male,354.38190442778875,ai
2000,10110,total,838.4605638392048,ai
2000,10112,female,293.0376647571847,ai
2000,10112,male,286.060557269855,ai
2000,10112,total,441.7586595110438,ai
2000,21720,female,435.41118193753334,ai
2000,21720,male,455.8908617239842,ai
2000,21720,total,664.3113508452049,ai
2000,21740,female,222.95896553611465,ai
2000,21740,male,183.70629947063787,ai
2000,21740,total,246.58610905095753,ai
2000,21921,female,116.74994074954073,ai
2000,21921,male,69.54928908702124,ai
2000,21921,total,89.77616225757957,ai
2000,30060,female,256.31426193267725,ai
2000,30060,male,315.2052640741921,ai
2000,30060,total,416.096524138577,ai
2000,30420,female,173.2565083237329,ai
2000,30420,male,164.63576844614806,ai
2000,30420,total,234.0747400525368,ai
2002,10110,female,1038.8214243436514,ai
2002,10110,male,572.2187253557786,ai
2002,10110,total,1311.6926469750197,ai
2002,10112,female,228.8591602213692,ai
2002,10112,male,292.51320728487804,ai
2002,10112,total,409.5160258932553,ai
2002,21720,female,514.5737198835225,ai
2002,21720,male,547.7068067160246,ai
2002,21720,total,818.742616627998,ai
2002,21740,female,422.1095650714947,ai
2002,21740,male,359.86543333166986,ai
2002,21740,total,542.2567302131732,ai
2002,21921,female,267.27185581332566,ai
2002,21921,male,265.24830534557304,ai
2002,21921,total,309.9219691686516,ai
2002,30060,female,239.31549819591237,ai
2002,30060,male,264.0834858269988,ai
2002,30060,total,319.43119909930215,ai
2002,30420,female,266.0685397708764,ai
2002,30420,male,203.64342136621028,ai
2002,30420,total,292.04154346736067,ai
2004,10110,female,1004.7587267500464,ai
2004,10110,male,471.1152651513567,ai
2004,10110,total,1298.5745174810509,ai
2004,10112,female,275.45883848044184,ai
2004,10112,male,251.94064971563913,ai
2004,10112,total,385.0599429588072,ai
2004,21720,female,619.1030746649029,ai
2004,21720,male,598.5306787147614,ai
2004,21720,total,1029.534280453401,ai
2004,21740,female,205.818183370887,ai
2004,21740,male,173.6142931112201,ai
2004,21740,total,281.9713853334019,ai
2004,21921,female,528.7397811373697,ai
2004,21921,male,474.22081409664406,ai
2004,21921,total,639.4481541075207,ai
2004,30060,female,548.7172908083141,ai
2004,30060,male,642.252838511012,ai
2004,30060,total,888.5801437202331,ai
2004,30420,female,320.4859165800055,ai
2004,30420,male,202.92957448168988,ai
2004,30420,total,356.6702829533657,ai
2006,10110,female,601.1464816326009,ai
2006,10110,male,348.57386282860233,ai
2006,10110,total,758.9043474662542,ai
2006,10112,female,235.69182843261143,ai
2006,10112,male,275.3189270425598,ai
2006,10112,total,401.0110154574714,ai
2006,21720,female,366.5771371630104,ai
2006,21720,male,362.3565898505583,ai
2006,21720,total,537.8293617068701,ai
2006,21740,female,270.6056234163944,ai
2006,21740,male,213.1139565177033,ai
2006,21740,total,289.838086151149,ai
2006,21921,female,187.95751863545024,ai
2006,21921,male,148.9572336959003,ai
2006,21921,total,211.55967136322457,ai
2006,30060,female,488.1989317864291,ai
2006,30060,male,556.3644495706617,ai
2006,30060,total,692.6979176260986,ai
2006,30420,female,227.99916744504088,ai
2006,30420,male,198.2946518455439,ai
2006,30420,total,259.09364296914276,ai
2010,10110,female,676.7248175591243,ai
2010,10110,male,272.6968077527996,ai
2010,10110,total,581.7339534098578,ai
2010,10112,female,249.3336184200381,ai
2010,10112,male,157.03472173366185,ai
2010,10112,total,256.38134831258583,ai
2010,21720,female,504.8637313896079,ai
2010,21720,male,571.5107120128698,ai
2010,21720,total,850.8748202258627,ai
2010,21740,female,155.13358226632843,ai
2010,21740,male,126.32355289676156,ai
2010,21740,total,155.86370375515637,ai
2010,21921,female,123.70359768354614,ai
2010,21921,male,151.93400358411876,ai
2010,21921,total,175.34393662148452,ai
2010,30060,female,540.1794412544282,ai
2010,30060,male,747.1415867845885,ai
2010,30060,total,1038.1310560091815,ai
2010,30420,female,258.27713479239026,ai
2010,30420,male,254.9583113150265,ai
2010,30420,total,308.7619976643656,ai
2012,10110,female,477.9127988602263,ai
2012,10110,male,205.93156927269308,ai
2012,10110,total,425.4995695431326,ai
2012,10112,female,237.61477165359116,ai
2012,10112,male,188.42062218582188,ai
2012,10112,total,299.5327009537642,ai
2012,21720,female,426.03029253395783,ai
2012,21720,male,449.54740144947414,ai
2012,21720,total,732.7225839481447,ai
2012,21740,female,201.21492585269735,ai
2012,21740,male,126.65724307999167,ai
2012,21740,total,176.86536015908578,ai
2012,21921,female,203.59250762875507,ai
2012,21921,male,184.5246794677423,ai
2012,21921,total,241.29794212574205,ai
2012,30060,female,452.0335925168108,ai
2012,30060,male,726.0557078608542,ai
2012,30060,total,939.038326841317,ai
2012,30420,female,105.07435256007858,ai
2012,30420,male,67.249752381845,ai
2012,30420,total,106.53637890562248,ai
2014,10110,female,870.7743386281062,ai
2014,10110,male,453.7289548492887,ai
2014,10110,total,1078.348500378809,ai
2014,10112,female,174.7490621932076,ai
2014,10112,male,110.41922464602986,ai
2014,10112,total,205.5532084716669,ai
2014,21720,female,593.587878743789,ai
2014,21720,male,660.7235282919994,ai
2014,21720,total,1066.643091241349,ai
2014,21740,female,41.38925256785644,ai
2014,21740,male,56.48537888223299,ai
2014,21740,total,51.520754001329685,ai
2014,21921,female,160.5534020012764,ai
2014,21921,male,153.17320726227047,ai
2014,21921,total,193.52489208740727,ai
2014,30060,female,223.71522633056492,ai
2014,30060,male,281.1694483217427,ai
2014,30060,total,332.89550591933823,ai
2014,30420,female,223.5044519684675,ai
2014,30420,male,164.0662725949218,ai
2014,30420,total,278.7614542587732,ai
2016,10110,female,759.4610092868041,ai
2016,10110,male,270.34572547697593,ai
2016,10110,total,637.07348656768,ai
2016,10112,female,241.59008063400185,ai
2016,10112,male,246.1365249613476,ai
2016,10112,total,402.38208974612047,ai
2016,21720,female,705.6660856645935,ai
2016,21720,male,790.1598111870632,ai
2016,21720,total,1157.9122773302267,ai
2016,21740,female,134.34440433901725,ai
2016,21740,male,66.39910001445134,ai
2016,21740,total,110.8097625263796,ai
2016,21921,female,73.0855961146945,ai
2016,21921,male,75.05026931435886,ai
2016,21921,total,89.1817255618465,ai
2016,30060,female,813.199967503108,ai
2016,30060,male,852.6623768992118,ai
2016,30060,total,1163.892498952227,ai
2016,30420,female,253.1886080666556,ai
2016,30420,male,217.58126639109716,ai
2016,30420,total,289.21609900968656,ai
2018,10110,female,1000.8070431217488,ai
2018,10110,male,462.7663061455735,ai
2018,10110,total,1171.904642651129,ai
2018,10112,female,230.2486621528648,ai
2018,10112,male,221.71814519437723,ai
2018,10112,total,316.66552696223613,ai
2018,21720,female,671.3562383536677,ai
2018,21720,male,562.0401628601509,ai
2018,21720,total,1008.8349080065472,ai
2018,21740,female,320.22636961196207,ai
2018,21740,male,175.46914576744743,ai
2018,21740,total,330.627300372858,ai
2018,21921,female,101.86872280526288,ai
2018,21921,male,123.58767343719389,ai
2018,21921,total,142.28299605268478,ai
2018,30060,female,554.7243715225533,ai
2018,30060,male,938.5906914691466,ai
2018,30060,total,1222.334663586875,ai
2018,30420,female,283.82930306013,ai
2018,30420,male,321.39570383281443,ai
2018,30420,total,398.68795720274227,ai
2022,10110,female,1044.9859395323767,ai
2022,10110,male,532.4589676783136,ai
2022,10110,total,1314.7848704425442,ai
2022,10112,female,163.65063576744518,ai
2022,10112,male,192.21164020575455,ai
2022,10112,total,311.87726150684705,ai
2022,21720,female,495.3962770302512,ai
2022,21720,male,594.9938743846561,ai
2022,21720,total,952.7266624790528,ai
2022,21740,female,145.91555267624568,ai
2022,21740,male,120.49153736200311,ai
2022,21740,total,189.13221210518225,ai
2022,21921,female,97.3761025375946,ai
2022,21921,male,148.2019173824954,ai
2022,21921,total,144.32588339106636,ai
2022,30060,female,390.1873294220248,ai
2022,30060,male,547.1732989870621,ai
2022,30060,total,761.7080238495336,ai
2022,30420,female,254.32007603914423,ai
2022,30420,male,212.2270928756244,ai
2022,30420,total,355.4738332993066,ai
1991,3005012,female,82.52122158415963,ai
1991,3005012,male,101.01425110893264,ai
1991,3005012,total,154.63749948014654,ai
1994,3005012,female,290.2945367382716,ai
1994,3005012,male,261.0622076077472,ai
1994,3005012,total,486.5017435228584,ai
1997,3005012,female,159.12690382141503,ai
1997,3005012,male,157.73378147538125,ai
1997,3005012,total,269.3700210629667,ai
2000,3005012,female,204.4626694241537,ai
2000,3005012,male,227.8910418323234,ai
2000,3005012,total,375.747680847998,ai
2002,3005012,female,106.73293740228766,ai
2002,3005012,male,89.30579941072304,ai
2002,3005012,total,166.64986778651232,ai
2004,3005012,female,229.4117048652229,ai
2004,3005012,male,208.0763294621757,ai
2004,3005012,total,379.9040800213961,ai
2006,3005012,female,167.3734428584503,ai
2006,3005012,male,180.00994117434553,ai
2006,3005012,total,283.9957827692984,ai
2010,3005012,female,106.124768099442,ai
2010,3005012,male,108.62944796782676,ai
2010,3005012,total,181.28502928498008,ai
2012,3005012,female,107.64035121233854,ai
2012,3005012,male,121.85555564456534,ai
2012,3005012,total,168.97092334226951,ai
2014,3005012,female,119.09943880770172,ai
2014,3005012,male,132.93063440564904,ai
2014,3005012,total,203.1668362893648,ai
2016,3005012,female,135.73154130121137,ai
2016,3005012,male,144.93506311184902,ai
2016,3005012,total,254.55542865599816,ai
2018,3005012,female,114.23783861408856,ai
2018,3005012,male,124.80462137243056,ai
2018,3005012,total,191.87246854939056,ai
2022,3005012,female,104.03316223123808,ai
2022,3005012,male,105.17950732443384,ai
2022,3005012,total,154.91181212677668,ai
1982,10110,female,442.3024759491223,bs_shelf
1982,10110,male,328.54230654455176,bs_shelf
1982,10110,total,643.0661190681608,bs_shelf
1982,10115,female,180.85168441227967,bs_shelf
1982,10115,male,90.17928046265963,bs_shelf
1982,10115,total,236.4042989736789,bs_shelf
1982,10130,female,1056.9373599711605,bs_shelf
1982,10130,male,1000.8578393449696,bs_shelf
1982,10130,total,1610.5481532408287,bs_shelf
1982,10210,female,2215.946946174068,bs_shelf
1982,10210,male,1426.3373235997078,bs_shelf
1982,10210,total,2594.801314852162,bs_shelf
1982,10285,female,1595.5914188748548,bs_shelf
1982,10285,male,1438.1211375146167,bs_shelf
1982,10285,total,2514.6728806183155,bs_shelf
1982,21720,female,1438.1101966321485,bs_shelf
1982,21720,male,1370.5408952043838,bs_shelf
1982,21720,total,2431.717465454087,bs_shelf
1982,21740,female,1011.162474026463,bs_shelf
1982,21740,male,920.8034365318944,bs_shelf
1982,21740,total,1238.5486227319218,bs_shelf
1983,10110,female,840.4992185769867,bs_shelf
1983,10110,male,546.1606304037851,bs_shelf
1983,10110,total,1076.478328189644,bs_shelf
1983,10112,female,125.50274865956771,bs_shelf
1983,10112,male,103.03642297813884,bs_shelf
1983,10112,total,205.72780384660103,bs_shelf
1983,10115,female,194.38904373295088,bs_shelf
1983,10115,male,173.03700129820925,bs_shelf
1983,10115,total,367.6737760772263,bs_shelf
1983,10130,female,1213.842030029186,bs_shelf
1983,10130,male,1274.981125640999,bs_shelf
1983,10130,total,1825.2267048160843,bs_shelf
1983,10210,female,3352.0372482572675,bs_shelf
1983,10210,male,2232.6207488197115,bs_shelf
1983,10210,total,4367.019922127759,bs_shelf
1983,10285,female,1233.5150858056886,bs_shelf
1983,10285,male,1151.451824844251,bs_shelf
1983,10285,total,1986.6017134021067,bs_shelf
1983,21720,female,1168.599244861064,bs_shelf
1983,21720,male,1207.65352598143,bs_shelf
1983,21720,total,1171.4263961465747,bs_shelf
1983,21740,female,1698.0989284705374,bs_shelf
1983,21740,male,1393.973701879528,bs_shelf
1983,21740,total,1440.3435131406584,bs_shelf
1984,10110,female,750.1052719701872,bs_shelf
1984,10110,male,473.58301484648274,bs_shelf
1984,10110,total,1053.669502762042,bs_shelf
1984,10112,female,108.79909667112013,bs_shelf
1984,10112,male,93.46638404698436,bs_shelf
1984,10112,total,198.88949976576,bs_shelf
1984,10115,female,116.05871331711704,bs_shelf
1984,10115,male,105.73994719070473,bs_shelf
1984,10115,total,220.50841409202943,bs_shelf
1984,10130,female,1004.4744706902356,bs_shelf
1984,10130,male,1075.4203206732436,bs_shelf
1984,10130,total,1612.1552847361952,bs_shelf
1984,10210,female,3166.751241864575,bs_shelf
1984,10210,male,1814.8858208599577,bs_shelf
1984,10210,total,3830.992259045725,bs_shelf
1984,10285,female,824.0344418826089,bs_shelf
1984,10285,male,1136.6414000370653,bs_shelf
1984,10285,total,1557.5225484863076,bs_shelf
1984,21720,female,1498.1008644350063,bs_shelf
1984,21720,male,1558.1516408023317,bs_shelf
1984,21720,total,2423.937461912964,bs_shelf
1984,21740,female,1518.7524582801277,bs_shelf
1984,21740,male,1298.978741350248,bs_shelf
1984,21740,total,1903.5745700863713,bs_shelf
1985,10110,female,857.6263152818267,bs_shelf
1985,10110,male,486.0637800155125,bs_shelf
1985,10110,total,1239.660437736216,bs_shelf
1985,10115,female,38.1909976933888,bs_shelf
1985,10115,male,32.707834352589316,bs_shelf
1985,10115,total,25.855704298933688,bs_shelf
1985,10130,female,1280.910929670075,bs_shelf
1985,10130,male,1309.8721622019193,bs_shelf
1985,10130,total,2140.879950451811,bs_shelf
1985,10210,female,1500.8537474032944,bs_shelf
1985,10210,male,943.287861327538,bs_shelf
1985,10210,total,1533.6660510627903,bs_shelf
1985,10285,female,1249.1277058667877,bs_shelf
1985,10285,male,1272.0543855046376,bs_shelf
1985,10285,total,2000.4937656171692,bs_shelf
1985,21720,female,744.4552878656699,bs_shelf
1985,21720,male,695.341505878541,bs_shelf
1985,21720,total,897.421161865705,bs_shelf
1985,21740,female,549.6051795026507,bs_shelf
1985,21740,male,493.93040561478375,bs_shelf
1985,21740,total,321.13112901320955,bs_shelf
1986,10110,female,737.7922887199082,bs_shelf
1986,10110,male,495.6463352567165,bs_shelf
1986,10110,total,1011.3954673492568,bs_shelf
1986,10115,female,34.04996606114477,bs_shelf
1986,10115,male,40.66672696748115,bs_shelf
1986,10115,total,97.30005417804908,bs_shelf
1986,10130,female,1110.2216610773896,bs_shelf
1986,10130,male,940.6837486148904,bs_shelf
1986,10130,total,1570.696709903219,bs_shelf
1986,10210,female,2322.8682769546294,bs_shelf
1986,10210,male,1046.2997369809732,bs_shelf
1986,10210,total,2320.808871526667,bs_shelf
1986,10285,female,1028.5840859957557,bs_shelf
1986,10285,male,1251.3639075516871,bs_shelf
1986,10285,total,1587.9160902129445,bs_shelf
1986,21720,female,1392.6186903082455,bs_shelf
1986,21720,male,1316.2646841166068,bs_shelf
1986,21720,total,2139.042396120365,bs_shelf
1986,21740,female,1312.4367893285848,bs_shelf
1986,21740,male,1023.6190618751386,bs_shelf
1986,21740,total,1459.4526647377315,bs_shelf
1987,10110,female,1148.0586579180156,bs_shelf
1987,10110,male,716.5075059801453,bs_shelf
1987,10110,total,1623.4060153965827,bs_shelf
1987,10112,female,3.4815563337115827,bs_shelf
1987,10112,male,5.7568181846089255,bs_shelf
1987,10112,total,10.80766315799639,bs_shelf
1987,10115,female,46.120704550779095,bs_shelf
1987,10115,male,47.61918333529099,bs_shelf
1987,10115,total,96.67896173596452,bs_shelf
1987,10130,female,1240.2206422047243,bs_shelf
1987,10130,male,1085.342765659569,bs_shelf
1987,10130,total,1766.974006562715,bs_shelf
1987,10210,female,1879.006438856364,bs_shelf
1987,10210,male,996.0980590595452,bs_shelf
1987,10210,total,1880.287473653015,bs_shelf
1987,10285,female,949.6424288930756,bs_shelf
1987,10285,male,1108.6630278722882,bs_shelf
1987,10285,total,1563.4961735581314,bs_shelf
1987,21720,female,1094.3739110939132,bs_shelf
1987,21720,male,1195.511587817624,bs_shelf
1987,21720,total,2103.818516955602,bs_shelf
1987,21740,female,1243.5814998464034,bs_shelf
1987,21740,male,1125.1177271232027,bs_shelf
1987,21740,total,1526.8585492193629,bs_shelf
1988,10110,female,818.3642058874472,bs_shelf
1988,10110,male,545.811997559621,bs_shelf
1988,10110,total,1119.6192203759877,bs_shelf
1988,10112,female,25.509559811120504,bs_shelf
1988,10112,male,22.143477857369668,bs_shelf
1988,10112,total,50.43524816271085,bs_shelf
1988,10115,female,53.16698480075149,bs_shelf
1988,10115,male,50.17663700105842,bs_shelf
1988,10115,total,107.82641137816702,bs_shelf
1988,10130,female,1241.835313278819,bs_shelf
1988,10130,male,1076.4053508631405,bs_shelf
1988,10130,total,1616.023144503468,bs_shelf
1988,10210,female,1494.8668111862482,bs_shelf
1988,10210,male,907.1685965968168,bs_shelf
1988,10210,total,1616.1100148300277,bs_shelf
1988,10285,female,480.286004968512,bs_shelf
1988,10285,male,498.11728115518,bs_shelf
1988,10285,total,672.3728241040501,bs_shelf
1988,21720,female,863.3296008401851,bs_shelf
1988,21720,male,868.9690798294648,bs_shelf
1988,21720,total,1649.731676779793,bs_shelf
1988,21740,female,1699.0734704601423,bs_shelf
1988,21740,male,1222.6788123262206,bs_shelf
1988,21740,total,1981.819685918129,bs_shelf
1989,10110,female,1032.1662534810762,bs_shelf
1989,10110,male,618.7260609493106,bs_shelf
1989,10110,total,1320.1389523235198,bs_shelf
1989,10112,female,49.6899420824664,bs_shelf
1989,10112,male,62.73844344176548,bs_shelf
1989,10112,total,104.50772124933157,bs_shelf
1989,10115,female,51.0568463634958,bs_shelf
1989,10115,male,63.66030658406602,bs_shelf
1989,10115,total,116.5027291751216,bs_shelf
1989,10130,female,1022.7303566456268,bs_shelf
1989,10130,male,549.7597296192811,bs_shelf
1989,10130,total,1004.2055010677792,bs_shelf
1989,10210,female,1963.2768609643108,bs_shelf
1989,10210,male,1232.411759315463,bs_shelf
1989,10210,total,2148.0237622961113,bs_shelf
1989,10285,female,915.3277298225304,bs_shelf
1989,10285,male,978.1445215350548,bs_shelf
1989,10285,total,1483.1313258661523,bs_shelf
1989,21720,female,620.3182180874659,bs_shelf
1989,21720,male,620.3938668944885,bs_shelf
1989,21720,total,1175.778935126499,bs_shelf
1989,21740,female,1274.0236263823217,bs_shelf
1989,21740,male,1402.8292846041506,bs_shelf
1989,21740,total,1765.7485457521234,bs_shelf
1990,10110,female,1116.518858964189,bs_shelf
1990,10110,male,637.8803944145586,bs_shelf
1990,10110,total,1570.6771166140309,bs_shelf
1990,10112,female,95.12740071219793,bs_shelf
1990,10112,male,91.4532159614722,bs_shelf
1990,10112,total,176.6005956112066,bs_shelf
1990,10115,female,69.25790799977855,bs_shelf
1990,10115,male,72.71279752144625,bs_shelf
1990,10115,total,192.57487241201343,bs_shelf
1990,10130,female,1470.5772353839466,bs_shelf
1990,10130,male,1244.2858678459577,bs_shelf
1990,10130,total,2149.637941479691,bs_shelf
1990,10210,female,1834.4800582836297,bs_shelf
1990,10210,male,1289.7490223914124,bs_shelf
1990,10210,total,2223.836437179686,bs_shelf
1990,10285,female,1091.9263016729408,bs_shelf
1990,10285,male,677.1761536245077,bs_shelf
1990,10285,total,1323.4688417124878,bs_shelf
1990,21720,female,669.5797577154058,bs_shelf
1990,21720,male,641.6093062812532,bs_shelf
1990,21720,total,1226.340659032956,bs_shelf
1990,21740,female,1236.286790771934,bs_shelf
1990,21740,male,1058.4895554569223,bs_shelf
1990,21740,total,1410.9139149754658,bs_shelf
1991,10110,female,969.4223693984618,bs_shelf
1991,10110,male,464.9028355161424,bs_shelf
1991,10110,total,1250.9643508946558,bs_shelf
1991,10112,female,151.54501807380294,bs_shelf
1991,10112,male,177.70368465428177,bs_shelf
1991,10112,total,310.64705997082586,bs_shelf
1991,10115,female,85.86219158239743,bs_shelf
1991,10115,male,117.18756846347276,bs_shelf
1991,10115,total,204.17853771336368,bs_shelf
1991,10130,female,581.3118115629368,bs_shelf
1991,10130,male,563.6620024622625,bs_shelf
1991,10130,total,806.6551827398251,bs_shelf
1991,10210,female,2801.997174823618,bs_shelf
1991,10210,male,1787.5283281488414,bs_shelf
1991,10210,total,3445.853663410526,bs_shelf
1991,10285,female,976.5116904188932,bs_shelf
1991,10285,male,829.0728653178766,bs_shelf
1991,10285,total,1456.8241986582818,bs_shelf
1991,21720,female,967.9173105219584,bs_shelf
1991,21720,male,918.9003296545,bs_shelf
1991,21720,total,1199.7483456690693,bs_shelf
1991,21740,female,554.8804378200379,bs_shelf
1991,21740,male,635.060770708318,bs_shelf
1991,21740,total,899.2597811218361,bs_shelf
1992,10110,female,700.1147033243656,bs_shelf
1992,10110,male,342.28337692473497,bs_shelf
1992,10110,total,999.611227577196,bs_shelf
1992,10112,female,156.81916232836275,bs_shelf
1992,10112,male,143.11750693700293,bs_shelf
1992,10112,total,293.03508909055364,bs_shelf
1992,10115,female,98.50543974605208,bs_shelf
1992,10115,male,90.2506867490245,bs_shelf
1992,10115,total,177.96863828168009,bs_shelf
1992,10130,female,910.9023565904032,bs_shelf
1992,10130,male,616.3114711435811,bs_shelf
1992,10130,total,1033.9407720237605,bs_shelf
1992,10210,female,1233.4461946032798,bs_shelf
1992,10210,male,826.3473019313547,bs_shelf
1992,10210,total,1531.766741824065,bs_shelf
1992,10285,female,949.4443804428092,bs_shelf
1992,10285,male,560.6178844307054,bs_shelf
1992,10285,total,1127.2846532245262,bs_shelf
1992,21720,female,713.1095741080848,bs_shelf
1992,21720,male,768.5674178501457,bs_shelf
1992,21720,total,807.2787546883385,bs_shelf
1992,21740,female,727.8656554658975,bs_shelf
1992,21740,male,690.8418676825589,bs_shelf
1992,21740,total,777.8561660873868,bs_shelf
1993,10110,female,1294.5871309740237,bs_shelf
1993,10110,male,503.0905387369191,bs_shelf
1993,10110,total,1554.160006883356,bs_shelf
1993,10112,female,184.1148580408161,bs_shelf
1993,10112,male,181.76386582141657,bs_shelf
1993,10112,total,349.77643983986934,bs_shelf
1993,10115,female,134.61999664832675,bs_shelf
1993,10115,male,135.5912440491215,bs_shelf
1993,10115,total,271.05760711589784,bs_shelf
1993,10130,female,1560.065525564931,bs_shelf
1993,10130,male,1295.825495363433,bs_shelf
1993,10130,total,2160.0956469113216,bs_shelf
1993,10210,female,1600.5253452654647,bs_shelf
1993,10210,male,1080.1857072879502,bs_shelf
1993,10210,total,1722.4699758544302,bs_shelf
1993,10285,female,1084.8080353592895,bs_shelf
1993,10285,male,987.5479908440062,bs_shelf
1993,10285,total,1771.860967616783,bs_shelf
1993,21720,female,742.3874661090358,bs_shelf
1993,21720,male,658.5565189503412,bs_shelf
1993,21720,total,812.752661894172,bs_shelf
1993,21740,female,1723.8255932691309,bs_shelf
1993,21740,male,1624.198813448323,bs_shelf
1993,21740,total,1065.7827382428611,bs_shelf
1994,10110,female,1043.7649917263682,bs_shelf
1994,10110,male,546.4624360957117,bs_shelf
1994,10110,total,1330.4929236404696,bs_shelf
1994,10112,female,207.45524198303215,bs_shelf
1994,10112,male,195.8781639950408,bs_shelf
1994,10112,total,364.17072376820624,bs_shelf
1994,10115,female,119.06216469535973,bs_shelf
1994,10115,male,72.36749166640699,bs_shelf
1994,10115,total,189.21391487973037,bs_shelf
1994,10130,female,1561.9568341188522,bs_shelf
1994,10130,male,1259.9332205334772,bs_shelf
1994,10130,total,2224.53255594143,bs_shelf
1994,10210,female,1837.189652504384,bs_shelf
1994,10210,male,1363.899563309346,bs_shelf
1994,10210,total,2323.066702400787,bs_shelf
1994,10285,female,1346.180437903074,bs_shelf
1994,10285,male,932.3508899968714,bs_shelf
1994,10285,total,1725.511986830678,bs_shelf
1994,21720,female,728.0482552290622,bs_shelf
1994,21720,male,802.7748537367581,bs_shelf
1994,21720,total,1265.1325863159789,bs_shelf
1994,21740,female,1091.3632983350217,bs_shelf
1994,21740,male,1107.7599262335816,bs_shelf
1994,21740,total,1180.591675266577,bs_shelf
1995,10110,female,754.9724954791059,bs_shelf
1995,10110,male,301.98287361251926,bs_shelf
1995,10110,total,924.3047133959908,bs_shelf
1995,10112,female,140.39837016141558,bs_shelf
1995,10112,male,136.11167671712562,bs_shelf
1995,10112,total,261.4157967071154,bs_shelf
1995,10115,female,94.52882668643473,bs_shelf
1995,10115,male,58.88685345475345,bs_shelf
1995,10115,total,162.05264526123392,bs_shelf
1995,10130,female,1236.4417572384275,bs_shelf
1995,10130,male,1180.4153950816735,bs_shelf
1995,10130,total,2006.4306291130777,bs_shelf
1995,10210,female,1523.1359860832774,bs_shelf
1995,10210,male,994.9757893372744,bs_shelf
1995,10210,total,1770.3880228008636,bs_shelf
1995,10285,female,1213.87816621148,bs_shelf
1995,10285,male,973.7487353749574,bs_shelf
1995,10285,total,1905.8557487596377,bs_shelf
1995,21720,female,1210.1453889008187,bs_shelf
1995,21720,male,1120.522989577253,bs_shelf
1995,21720,total,1998.747755130215,bs_shelf
1995,21740,female,571.3542450606333,bs_shelf
1995,21740,male,360.3401171073191,bs_shelf
1995,21740,total,518.5226378576118,bs_shelf
1996,10110,female,1579.5859226004895,bs_shelf
1996,10110,male,593.0355054023995,bs_shelf
1996,10110,total,1896.9983083776144,bs_shelf
1996,10112,female,189.02524009496744,bs_shelf
1996,10112,male,151.3068657112198,bs_shelf
1996,10112,total,326.979741439683,bs_shelf
1996,10115,female,118.84897615376426,bs_shelf
1996,10115,male,105.39348913903332,bs_shelf
1996,10115,total,240.89434254172764,bs_shelf
1996,10130,female,1492.1070526330077,bs_shelf
1996,10130,male,1132.3479236955927,bs_shelf
1996,10130,total,1900.587269511242,bs_shelf
1996,10210,female,1611.9214024218393,bs_shelf
1996,10210,male,1010.5646432682512,bs_shelf
1996,10210,total,1833.858802362252,bs_shelf
1996,10261,female,2209.4410476161606,bs_shelf
1996,10261,male,2171.796834221015,bs_shelf
1996,10261,total,3369.182787124105,bs_shelf
1996,10285,female,891.9072902216939,bs_shelf
1996,10285,male,817.1011903206154,bs_shelf
1996,10285,total,1405.730012092691,bs_shelf
1996,21720,female,783.1046296161107,bs_shelf
1996,21720,male,895.7717970136533,bs_shelf
1996,21720,total,1342.7672570339555,bs_shelf
1996,21740,female,1206.3162511539613,bs_shelf
1996,21740,male,1287.1271763736129,bs_shelf
1996,21740,total,1930.1861396345248,bs_shelf
1997,10110,female,1220.7674638826377,bs_shelf
1997,10110,male,435.9248716545676,bs_shelf
1997,10110,total,1480.019786631594,bs_shelf
1997,10112,female,120.24516670221232,bs_shelf
1997,10112,male,126.92529496007252,bs_shelf
1997,10112,total,242.0316162373384,bs_shelf
1997,10115,female,47.70970258537355,bs_shelf
1997,10115,male,26.567213033868388,bs_shelf
1997,10115,total,73.26120527712811,bs_shelf
1997,10130,female,639.3220822802408,bs_shelf
1997,10130,male,818.8887563436879,bs_shelf
1997,10130,total,1172.0600651702723,bs_shelf
1997,10210,female,1982.5716448719968,bs_shelf
1997,10210,male,1380.365459635646,bs_shelf
1997,10210,total,2400.7010318476528,bs_shelf
1997,10261,female,1862.0879425307064,bs_shelf
1997,10261,male,1804.0512726027357,bs_shelf
1997,10261,total,2747.690321462733,bs_shelf
1997,10285,female,1159.3627367561553,bs_shelf
1997,10285,male,1276.4974008809158,bs_shelf
1997,10285,total,2185.7045646696815,bs_shelf
1997,21720,female,831.7481264474612,bs_shelf
1997,21720,male,842.7601904570611,bs_shelf
1997,21720,total,1388.8913912928772,bs_shelf
1997,21740,female,741.1448570566978,bs_shelf
1997,21740,male,747.3402584760219,bs_shelf
1997,21740,total,359.66825699367763,bs_shelf
1998,10110,female,1186.4290059405012,bs_shelf
1998,10110,male,501.1666418816026,bs_shelf
1998,10110,total,1481.6120617882366,bs_shelf
1998,10112,female,214.36590436476783,bs_shelf
1998,10112,male,207.92767983834332,bs_shelf
1998,10112,total,399.1053654623011,bs_shelf
1998,10115,female,113.8341448395429,bs_shelf
1998,10115,male,94.34636295543298,bs_shelf
1998,10115,total,210.17295609050063,bs_shelf
1998,10130,female,1257.009442693056,bs_shelf
1998,10130,male,641.4232678039821,bs_shelf
1998,10130,total,1300.5789778929266,bs_shelf
1998,10210,female,2390.028925781739,bs_shelf
1998,10210,male,1745.9249870044034,bs_shelf
1998,10210,total,3055.2589035234114,bs_shelf
1998,10261,female,2992.8673343849814,bs_shelf
1998,10261,male,2971.3916395847828,bs_shelf
1998,10261,total,4608.608341863055,bs_shelf
1998,10285,female,1114.2022148712715,bs_shelf
1998,10285,male,1093.1755159454283,bs_shelf
1998,10285,total,1694.4569228888142,bs_shelf
1998,21720,female,1292.664245980014,bs_shelf
1998,21720,male,1304.7054313246322,bs_shelf
1998,21720,total,2196.020714275236,bs_shelf
1998,21740,female,1092.4290619767912,bs_shelf
1998,21740,male,1198.648695738315,bs_shelf
1998,21740,total,1538.910813262633,bs_shelf
1999,10110,female,767.3067107069218,bs_shelf
1999,10110,male,394.4531573760848,bs_shelf
1999,10110,total,963.2266842313824,bs_shelf
1999,10112,female,121.37687212970832,bs_shelf
1999,10112,male,97.88213435288694,bs_shelf
1999,10112,total,193.9668318810527,bs_shelf
1999,10115,female,41.31692778156375,bs_shelf
1999,10115,male,27.978909731673937,bs_shelf
1999,10115,total,69.65751009431837,bs_shelf
1999,10130,female,1526.8846189848605,bs_shelf
1999,10130,male,1351.316904304964,bs_shelf
1999,10130,total,2327.8600825807307,bs_shelf
1999,10210,female,2506.8911920694804,bs_shelf
1999,10210,male,1630.1422129736018,bs_shelf
1999,10210,total,3078.326192643097,bs_shelf
1999,10261,female,2410.849424784022,bs_shelf
1999,10261,male,1343.790908049773,bs_shelf
1999,10261,total,2374.03138213048,bs_shelf
1999,10285,female,1810.728211046022,bs_shelf
1999,10285,male,2001.57941306989,bs_shelf
1999,10285,total,3500.9491729941465,bs_shelf
1999,21720,female,1243.24678056532,bs_shelf
1999,21720,male,1315.9926941187186,bs_shelf
1999,21720,total,2077.8730212504447,bs_shelf
1999,21740,female,1314.985028608866,bs_shelf
1999,21740,male,1201.8112806829272,bs_shelf
1999,21740,total,1705.900898031232,bs_shelf
2000,10110,female,977.3456162927775,bs_shelf
2000,10110,male,535.0766042334136,bs_shelf
2000,10110,total,1180.622259754417,bs_shelf
2000,10112,female,157.26308671153956,bs_shelf
2000,10112,male,167.32255909610998,bs_shelf
2000,10112,total,266.7906542330024,bs_shelf
2000,10115,female,54.97545241512849,bs_shelf
2000,10115,male,61.73394557035457,bs_shelf
2000,10115,total,125.69500583866396,bs_shelf
2000,10130,female,1588.1568419988944,bs_shelf
2000,10130,male,1334.1857274533136,bs_shelf
2000,10130,total,2138.0086196816083,bs_shelf
2000,10210,female,2047.940119494445,bs_shelf
2000,10210,male,1598.5000090514002,bs_shelf
2000,10210,total,2745.0356157771057,bs_shelf
2000,10261,female,622.6969039990319,bs_shelf
2000,10261,male,1777.2083457613603,bs_shelf
2000,10261,total,1062.0327220016857,bs_shelf
2000,10285,female,1026.7767294327637,bs_shelf
2000,10285,male,548.2235505485488,bs_shelf
2000,10285,total,1097.5860207585151,bs_shelf
2000,21720,female,1020.2209225830404,bs_shelf
2000,21720,male,1186.710926015385,bs_shelf
2000,21720,total,1395.5568305815532,bs_shelf
2000,21740,female,919.3706311936172,bs_shelf
2000,21740,male,899.604641383779,bs_shelf
2000,21740,total,1173.9808105628535,bs_shelf
2001,10110,female,1212.375889099088,bs_shelf
2001,10110,male,483.59057892439785,bs_shelf
2001,10110,total,1444.0288499754315,bs_shelf
2001,10112,female,199.87587115837832,bs_shelf
2001,10112,male,170.11923981858976,bs_shelf
2001,10112,total,339.705345911989,bs_shelf
2001,10115,female,68.27316008970897,bs_shelf
2001,10115,male,69.28874822761507,bs_shelf
2001,10115,total,139.48599158018433,bs_shelf
2001,10130,female,1194.5443317894244,bs_shelf
2001,10130,male,1150.3951332307283,bs_shelf
2001,10130,total,1860.482017135856,bs_shelf
2001,10210,female,1911.3991921983452,bs_shelf
2001,10210,male,1272.6888595438284,bs_shelf
2001,10210,total,2359.24818087333,bs_shelf
2001,10261,female,1191.4275292561797,bs_shelf
2001,10261,male,1488.1184089954384,bs_shelf
2001,10261,total,1873.8530436006208,bs_shelf
2001,10285,female,1197.2800465280225,bs_shelf
2001,10285,male,824.7045280386965,bs_shelf
2001,10285,total,1597.8662325812031,bs_shelf
2001,21720,female,1449.438174732294,bs_shelf
2001,21720,male,1605.1417376310087,bs_shelf
2001,21720,total,1828.6810179208676,bs_shelf
2001,21740,female,1634.5775455190665,bs_shelf
2001,21740,male,1523.2212270409352,bs_shelf
2001,21740,total,1547.5760226549455,bs_shelf
2002,10110,female,1153.2134810903617,bs_shelf
2002,10110,male,467.54034379690034,bs_shelf
2002,10110,total,1358.323635900223,bs_shelf
2002,10112,female,182.146133827344,bs_shelf
2002,10112,male,159.42487195533775,bs_shelf
2002,10112,total,319.72239068274126,bs_shelf
2002,10115,female,90.28798640720734,bs_shelf
2002,10115,male,55.69498590190985,bs_shelf
2002,10115,total,151.06854127501543,bs_shelf
2002,10130,female,706.0814531644552,bs_shelf
2002,10130,male,1008.216089771442,bs_shelf
2002,10130,total,1276.34387449607,bs_shelf
2002,10210,female,1941.7372764299255,bs_shelf
2002,10210,male,1400.2377265439443,bs_shelf
2002,10210,total,2377.2863218642674,bs_shelf
2002,10261,female,1442.598285573098,bs_shelf
2002,10261,male,1355.0439223926835,bs_shelf
2002,10261,total,2174.2262052558467,bs_shelf
2002,10285,female,857.2775695737006,bs_shelf
2002,10285,male,752.4637247644926,bs_shelf
2002,10285,total,1435.6808509985908,bs_shelf
2002,21720,female,1249.6873161015878,bs_shelf
2002,21720,male,1347.899512481554,bs_shelf
2002,21720,total,2158.7013185170363,bs_shelf
2002,21740,female,1764.1635536201777,bs_shelf
2002,21740,male,1327.581537588973,bs_shelf
2002,21740,total,2035.3233018299784,bs_shelf
2003,10110,female,1470.3750949026355,bs_shelf
2003,10110,male,706.3927463130706,bs_shelf
2003,10110,total,1958.3438892663169,bs_shelf
2003,10112,female,249.55658793999436,bs_shelf
2003,10112,male,284.16500363812236,bs_shelf
2003,10112,total,487.5070340666357,bs_shelf
2003,10115,female,151.14005320581325,bs_shelf
2003,10115,male,126.39281892513846,bs_shelf
2003,10115,total,281.35619280637064,bs_shelf
2003,10130,female,1135.2110704816462,bs_shelf
2003,10130,male,1227.0519345278285,bs_shelf
2003,10130,total,1930.4116597357008,bs_shelf
2003,10210,female,1209.7386338054234,bs_shelf
2003,10210,male,1115.758364943643,bs_shelf
2003,10210,total,1636.0523698519448,bs_shelf
2003,10261,female,1328.1320710034504,bs_shelf
2003,10261,male,936.7924888667272,bs_shelf
2003,10261,total,1608.7948282191771,bs_shelf
2003,10285,female,845.0925596916568,bs_shelf
2003,10285,male,775.6990492629457,bs_shelf
2003,10285,total,1433.6861097408166,bs_shelf
2003,21720,female,532.1264392675255,bs_shelf
2003,21720,male,826.5898709222292,bs_shelf
2003,21720,total,1040.3319912717066,bs_shelf
2003,21740,female,1032.4346856523905,bs_shelf
2003,21740,male,341.7466903569819,bs_shelf
2003,21740,total,715.9317122695807,bs_shelf
2004,10110,female,2214.78490001309,bs_shelf
2004,10110,male,941.7133337884878,bs_shelf
2004,10110,total,2645.131790210645,bs_shelf
2004,10112,female,331.0831991248048,bs_shelf
2004,10112,male,352.3749413468486,bs_shelf
2004,10112,total,524.8586572555974,bs_shelf
2004,10115,female,122.98337936045095,bs_shelf
2004,10115,male,153.95474813273302,bs_shelf
2004,10115,total,269.106864406262,bs_shelf
2004,10130,female,1546.680033926161,bs_shelf
2004,10130,male,1632.1246961961417,bs_shelf
2004,10130,total,2684.1804205113294,bs_shelf
2004,10210,female,1899.167336924801,bs_shelf
2004,10210,male,1287.4902909145128,bs_shelf
2004,10210,total,2274.610146714475,bs_shelf
2004,10261,female,1370.8165029279442,bs_shelf
2004,10261,male,1384.147121810308,bs_shelf
2004,10261,total,2032.6822174567433,bs_shelf
2004,10285,female,1042.858702333633,bs_shelf
2004,10285,male,795.5890171886524,bs_shelf
2004,10285,total,1430.808486242068,bs_shelf
2004,21720,female,1217.4137792958502,bs_shelf
2004,21720,male,1276.1462586067216,bs_shelf
2004,21720,total,1887.1100074034423,bs_shelf
2004,21740,female,1794.526704362654,bs_shelf
2004,21740,male,2113.809458943648,bs_shelf
2004,21740,total,2668.315492694692,bs_shelf
2005,10110,female,2384.199991424209,bs_shelf
2005,10110,male,1133.1755181336705,bs_shelf
2005,10110,total,3136.118435437034,bs_shelf
2005,10112,female,471.8384470658219,bs_shelf
2005,10112,male,408.7778429886958,bs_shelf
2005,10112,total,796.3322461131953,bs_shelf
2005,10115,female,100.5855992767418,bs_shelf
2005,10115,male,109.9965426243852,bs_shelf
2005,10115,total,214.85950229007005,bs_shelf
2005,10130,female,1521.3843658492467,bs_shelf
2005,10130,male,1557.561098041312,bs_shelf
2005,10130,total,2446.513164146469,bs_shelf
2005,10210,female,1373.949333832924,bs_shelf
2005,10210,male,855.0676225078132,bs_shelf
2005,10210,total,1765.9646750872432,bs_shelf
2005,10261,female,1281.6006777738576,bs_shelf
2005,10261,male,1162.4273131185737,bs_shelf
2005,10261,total,1557.4136600034326,bs_shelf
2005,10285,female,1043.7927620690025,bs_shelf
2005,10285,male,956.3402284530192,bs_shelf
2005,10285,total,1564.7231885887263,bs_shelf
2005,21720,female,784.8099838439471,bs_shelf
2005,21720,male,910.234227466438,bs_shelf
2005,21720,total,1163.962676845116,bs_shelf
2005,21740,female,1289.024379297116,bs_shelf
2005,21740,male,1315.0514780680642,bs_shelf
2005,21740,total,1783.7374023970178,bs_shelf
2006,10110,female,2442.2431057770987,bs_shelf
2006,10110,male,973.2410119479724,bs_shelf
2006,10110,total,3154.7657396364543,bs_shelf
2006,10112,female,376.16450019618907,bs_shelf
2006,10112,male,485.38238376602067,bs_shelf
2006,10112,total,707.3875874665072,bs_shelf
2006,10115,female,117.84962446256031,bs_shelf
2006,10115,male,96.30964226479806,bs_shelf
2006,10115,total,211.0278746915176,bs_shelf
2006,10130,female,1859.418913758234,bs_shelf
2006,10130,male,1749.253660609328,bs_shelf
2006,10130,total,2815.602566352074,bs_shelf
2006,10210,female,2642.1570923810405,bs_shelf
2006,10210,male,1667.6215548675773,bs_shelf
2006,10210,total,3374.359980585125,bs_shelf
2006,10261,female,1520.5896400390966,bs_shelf
2006,10261,male,1529.9246162180027,bs_shelf
2006,10261,total,2214.386720739207,bs_shelf
2006,10285,female,969.1155612720476,bs_shelf
2006,10285,male,821.5039469249499,bs_shelf
2006,10285,total,1452.584797336762,bs_shelf
2006,21720,female,1563.6461765304057,bs_shelf
2006,21720,male,1510.634370103389,bs_shelf
2006,21720,total,2486.5101243702393,bs_shelf
2006,21740,female,1314.064623396759,bs_shelf
2006,21740,male,1520.167768792625,bs_shelf
2006,21740,total,1767.0720835601958,bs_shelf
2007,10110,female,1812.864095852191,bs_shelf
2007,10110,male,935.1071058232088,bs_shelf
2007,10110,total,2501.7446257649635,bs_shelf
2007,10112,female,415.13857247719153,bs_shelf
2007,10112,male,368.9083977391357,bs_shelf
2007,10112,total,693.2274767114994,bs_shelf
2007,10115,female,96.4253400249506,bs_shelf
2007,10115,male,96.43576762674624,bs_shelf
2007,10115,total,217.4168853949351,bs_shelf
2007,10130,female,1304.748707245646,bs_shelf
2007,10130,male,1355.6003582111134,bs_shelf
2007,10130,total,2160.942850379972,bs_shelf
2007,10210,female,1799.4786430533266,bs_shelf
2007,10210,male,1388.059014261706,bs_shelf
2007,10210,total,2233.4360585591353,bs_shelf
2007,10261,female,929.541193775064,bs_shelf
2007,10261,male,1642.4662211475534,bs_shelf
2007,10261,total,1794.846812301449,bs_shelf
2007,10285,female,1077.2880640786052,bs_shelf
2007,10285,male,783.9650800293588,bs_shelf
2007,10285,total,1345.1987580196633,bs_shelf
2007,21720,female,258.3038478556966,bs_shelf
2007,21720,male,218.97790403748485,bs_shelf
2007,21720,total,269.52763916128936,bs_shelf
2007,21740,female,971.5052400619992,bs_shelf
2007,21740,male,1022.623933276877,bs_shelf
2007,21740,total,962.9949103508932,bs_shelf
2008,10110,female,2140.231443527548,bs_shelf
2008,10110,male,1039.6355186441972,bs_shelf
2008,10110,total,2694.498438226429,bs_shelf
2008,10112,female,413.21686986871504,bs_shelf
2008,10112,male,410.0892206416633,bs_shelf
2008,10112,total,749.4951500060499,bs_shelf
2008,10115,female,59.33318980901025,bs_shelf
2008,10115,male,64.111993199218,bs_shelf
2008,10115,total,158.67591527294317,bs_shelf
2008,10130,female,1162.8403667351215,bs_shelf
2008,10130,male,942.6737353896405,bs_shelf
2008,10130,total,1648.3638105957195,bs_shelf
2008,10210,female,1302.1285571571427,bs_shelf
2008,10210,male,1124.210915658971,bs_shelf
2008,10210,total,1635.7875930229554,bs_shelf
2008,10261,female,764.9094979440175,bs_shelf
2008,10261,male,1447.227586650081,bs_shelf
2008,10261,total,1417.2415790961168,bs_shelf
2008,10285,female,1251.5093946421946,bs_shelf
2008,10285,male,1038.6353269929384,bs_shelf
2008,10285,total,1746.8290506646968,bs_shelf
2008,21720,female,1201.0107069029043,bs_shelf
2008,21720,male,1172.5289962711026,bs_shelf
2008,21720,total,1757.033370085946,bs_shelf
2008,21740,female,1203.077227732312,bs_shelf
2008,21740,male,1123.044793189529,bs_shelf
2008,21740,total,1443.0974751761812,bs_shelf
2009,10110,female,1501.2894960142737,bs_shelf
2009,10110,male,636.9891350286572,bs_shelf
2009,10110,total,1821.837958405254,bs_shelf
2009,10112,female,311.5923786297126,bs_shelf
2009,10112,male,301.4965426802656,bs_shelf
2009,10112,total,556.9159607983354,bs_shelf
2009,10115,female,82.43444075767604,bs_shelf
2009,10115,male,116.69782642585557,bs_shelf
2009,10115,total,290.9571474493964,bs_shelf
2009,10130,female,1489.97813349878,bs_shelf
2009,10130,male,1242.386147460584,bs_shelf
2009,10130,total,2216.9994511902296,bs_shelf
2009,10210,female,1196.745786321197,bs_shelf
2009,10210,male,980.8607676668612,bs_shelf
2009,10210,total,1424.0737290671575,bs_shelf
2009,10261,female,1336.1523923886805,bs_shelf
2009,10261,male,1041.5266289870597,bs_shelf
2009,10261,total,1740.4319069845592,bs_shelf
2009,10285,female,1467.2323279059358,bs_shelf
2009,10285,male,1805.113068404937,bs_shelf
2009,10285,total,2806.9109278292935,bs_shelf
2009,21720,female,1538.4004351934666,bs_shelf
2009,21720,male,1528.8240926272274,bs_shelf
2009,21720,total,907.9195368052088,bs_shelf
2009,21740,female,979.5453218620456,bs_shelf
2009,21740,male,858.299144722305,bs_shelf
2009,21740,total,1183.344761772013,bs_shelf
2010,10110,female,1932.9660420524249,bs_shelf
2010,10110,male,724.7905689792498,bs_shelf
2010,10110,total,2318.2679359250137,bs_shelf
2010,10112,female,446.78120840518966,bs_shelf
2010,10112,male,405.7303603980216,bs_shelf
2010,10112,total,714.7253340199981,bs_shelf
2010,10115,female,191.90724360842495,bs_shelf
2010,10115,male,261.3048364877964,bs_shelf
2010,10115,total,714.904958392269,bs_shelf
2010,10130,female,963.6203994064516,bs_shelf
2010,10130,male,567.6656868987261,bs_shelf
2010,10130,total,1160.8130335961605,bs_shelf
2010,10210,female,1287.7831977892477,bs_shelf
2010,10210,male,925.1771992480984,bs_shelf
2010,10210,total,1559.5273425790178,bs_shelf
2010,10261,female,1094.7596592558473,bs_shelf
2010,10261,male,898.8851009734376,bs_shelf
2010,10261,total,1417.0014251458344,bs_shelf
2010,10285,female,1008.7580265450904,bs_shelf
2010,10285,male,1294.6513002070965,bs_shelf
2010,10285,total,2009.6778072647137,bs_shelf
2010,21720,female,827.4640804571441,bs_shelf
2010,21720,male,805.548497808259,bs_shelf
2010,21720,total,1190.51179944243,bs_shelf
2010,21740,female,978.3205028737536,bs_shelf
2010,21740,male,951.0331859368496,bs_shelf
2010,21740,total,1250.935839766067,bs_shelf
2011,10110,female,1669.5141210522097,bs_shelf
2011,10110,male,738.2736410843333,bs_shelf
2011,10110,total,1963.3819510121004,bs_shelf
2011,10112,female,372.3708868292743,bs_shelf
2011,10112,male,318.64303952808564,bs_shelf
2011,10112,total,596.374623670765,bs_shelf
2011,10115,female,547.7131885846935,bs_shelf
2011,10115,male,652.2714606123423,bs_shelf
2011,10115,total,1168.8878431755627,bs_shelf
2011,10130,female,665.6576615854167,bs_shelf
2011,10130,male,731.3600009243061,bs_shelf
2011,10130,total,1045.4845280292463,bs_shelf
2011,10210,female,965.8615629221468,bs_shelf
2011,10210,male,721.0197781537537,bs_shelf
2011,10210,total,1133.5251860784076,bs_shelf
2011,10261,female,1016.8492218017152,bs_shelf
2011,10261,male,980.9544248875616,bs_shelf
2011,10261,total,1424.6966909772648,bs_shelf
2011,10285,female,857.3934310018118,bs_shelf
2011,10285,male,1163.2549700427514,bs_shelf
2011,10285,total,1773.0390400424476,bs_shelf
2011,21720,female,1184.8937069648566,bs_shelf
2011,21720,male,1174.1457191071793,bs_shelf
2011,21720,total,1397.963725761462,bs_shelf
2011,21740,female,1345.2418005838283,bs_shelf
2011,21740,male,1357.55560729189,bs_shelf
2011,21740,total,1349.799380662168,bs_shelf
2012,10110,female,1370.536119070361,bs_shelf
2012,10110,male,508.231551183578,bs_shelf
2012,10110,total,1555.643994617173,bs_shelf
2012,10112,female,421.4958145426916,bs_shelf
2012,10112,male,372.629360799836,bs_shelf
2012,10112,total,671.0819824639854,bs_shelf
2012,10115,female,323.96399925032125,bs_shelf
2012,10115,male,387.48876468679185,bs_shelf
2012,10115,total,681.3359221949971,bs_shelf
2012,10130,female,959.1207657518194,bs_shelf
2012,10130,male,880.962725229219,bs_shelf
2012,10130,total,1446.7975246946928,bs_shelf
2012,10210,female,1588.233859016872,bs_shelf
2012,10210,male,984.9673101097668,bs_shelf
2012,10210,total,1822.7268665864617,bs_shelf
2012,10261,female,942.2661616922404,bs_shelf
2012,10261,male,717.6732849432002,bs_shelf
2012,10261,total,1220.1294537686808,bs_shelf
2012,10285,female,804.1858531021984,bs_shelf
2012,10285,male,764.5236615905281,bs_shelf
2012,10285,total,1177.2335098267442,bs_shelf
2012,21720,female,824.7068550455368,bs_shelf
2012,21720,male,939.1410651316072,bs_shelf
2012,21720,total,865.266062778439,bs_shelf
2012,21740,female,1130.021056216362,bs_shelf
2012,21740,male,1080.9624293117,bs_shelf
2012,21740,total,1440.64305772683,bs_shelf
2013,10110,female,1514.433538834436,bs_shelf
2013,10110,male,586.2661160995162,bs_shelf
2013,10110,total,1774.8390197808192,bs_shelf
2013,10112,female,344.873678037972,bs_shelf
2013,10112,male,448.27425620502174,bs_shelf
2013,10112,total,675.0373673999089,bs_shelf
2013,10115,female,192.7806250476021,bs_shelf
2013,10115,male,237.16575752852336,bs_shelf
2013,10115,total,439.7524503552948,bs_shelf
2013,10130,female,586.4881980857824,bs_shelf
2013,10130,male,422.50015612334806,bs_shelf
2013,10130,total,662.0414378894521,bs_shelf
2013,10210,female,1656.9435231283717,bs_shelf
2013,10210,male,1021.6219532904402,bs_shelf
2013,10210,total,1899.6369748693403,bs_shelf
2013,10261,female,1476.2836699555887,bs_shelf
2013,10261,male,1128.3605110469823,bs_shelf
2013,10261,total,1899.0076156831956,bs_shelf
2013,10285,female,756.8022969283762,bs_shelf
2013,10285,male,700.8761598981811,bs_shelf
2013,10285,total,1154.305392308676,bs_shelf
2013,21720,female,725.0681418406931,bs_shelf
2013,21720,male,643.9938500837844,bs_shelf
2013,21720,total,909.00335315588,bs_shelf
2013,21740,female,1943.3190218435957,bs_shelf
2013,21740,male,1928.9824447829624,bs_shelf
2013,21740,total,2530.8131518014075,bs_shelf
2014,10110,female,1497.2604585276156,bs_shelf
2014,10110,male,545.671586736796,bs_shelf
2014,10110,total,1760.1508005589333,bs_shelf
2014,10112,female,340.591563397004,bs_shelf
2014,10112,male,344.4129921188738,bs_shelf
2014,10112,total,598.9969379810301,bs_shelf
2014,10115,female,181.2313618597884,bs_shelf
2014,10115,male,188.24303460082655,bs_shelf
2014,10115,total,364.7726987133813,bs_shelf
2014,10130,female,771.325750736007,bs_shelf
2014,10130,male,591.393611516208,bs_shelf
2014,10130,total,939.7324550311522,bs_shelf
2014,10210,female,1336.939220387864,bs_shelf
2014,10210,male,989.4230015757756,bs_shelf
2014,10210,total,1676.918287850244,bs_shelf
2014,10261,female,1224.731398012099,bs_shelf
2014,10261,male,908.7618946273363,bs_shelf
2014,10261,total,1572.813587109249,bs_shelf
2014,10285,female,896.6399963354467,bs_shelf
2014,10285,male,816.3941777674103,bs_shelf
2014,10285,total,1368.936847944598,bs_shelf
2014,21720,female,790.8575499937454,bs_shelf
2014,21720,male,798.7430183990372,bs_shelf
2014,21720,total,1057.2773485866462,bs_shelf
2014,21740,female,2102.386173621878,bs_shelf
2014,21740,male,1950.6230885191517,bs_shelf
2014,21740,total,2104.8685094127177,bs_shelf
2015,10110,female,2107.8608844015216,bs_shelf
2015,10110,male,754.1609097608161,bs_shelf
2015,10110,total,2557.584272492166,bs_shelf
2015,10112,female,456.814921300706,bs_shelf
2015,10112,male,428.428393394659,bs_shelf
2015,10112,total,804.6126884993657,bs_shelf
2015,10115,female,171.4525418853949,bs_shelf
2015,10115,male,154.85150233772873,bs_shelf
2015,10115,total,336.39307055297803,bs_shelf
2015,10130,female,1212.8945059098362,bs_shelf
2015,10130,male,788.071121667661,bs_shelf
2015,10130,total,1532.4870622332894,bs_shelf
2015,10210,female,1271.6220692729012,bs_shelf
2015,10210,male,911.4710901666092,bs_shelf
2015,10210,total,1544.3630778103018,bs_shelf
2015,10261,female,1199.9723210390102,bs_shelf
2015,10261,male,1035.4161818755326,bs_shelf
2015,10261,total,1713.4457348812573,bs_shelf
2015,10285,female,703.6195668998204,bs_shelf
2015,10285,male,730.0264771305647,bs_shelf
2015,10285,total,1180.4274024340225,bs_shelf
2015,21720,female,1381.7085257528167,bs_shelf
2015,21720,male,1371.215449767946,bs_shelf
2015,21720,total,2067.590346526456,bs_shelf
2015,21740,female,2747.759601892132,bs_shelf
2015,21740,male,2573.316693343931,bs_shelf
2015,21740,total,3375.421900331738,bs_shelf
2016,10110,female,2940.0880555915387,bs_shelf
2016,10110,male,1195.35519414282,bs_shelf
2016,10110,total,3540.616061222264,bs_shelf
2016,10112,female,499.3964447787859,bs_shelf
2016,10112,male,463.79297536295286,bs_shelf
2016,10112,total,868.7057084244793,bs_shelf
2016,10115,female,142.64321988346967,bs_shelf
2016,10115,male,99.14794834219605,bs_shelf
2016,10115,total,240.97116004169573,bs_shelf
2016,10130,female,1756.976155703635,bs_shelf
2016,10130,male,1426.2860142822765,bs_shelf
2016,10130,total,2541.1596020520446,bs_shelf
2016,10210,female,2871.3232097039254,bs_shelf
2016,10210,male,1888.2090164155709,bs_shelf
2016,10210,total,3264.211471813351,bs_shelf
2016,10261,female,1383.4817780526862,bs_shelf
2016,10261,male,1102.9001285747754,bs_shelf
2016,10261,total,1600.2072659651983,bs_shelf
2016,10285,female,963.4590520924652,bs_shelf
2016,10285,male,872.066606312688,bs_shelf
2016,10285,total,1567.1603668222203,bs_shelf
2016,21720,female,1874.579315740661,bs_shelf
2016,21720,male,2033.6805134728936,bs_shelf
2016,21720,total,3148.5406536976443,bs_shelf
2016,21740,female,1711.868453113821,bs_shelf
2016,21740,male,1871.3199817145908,bs_shelf
2016,21740,total,2284.3708900556535,bs_shelf
2017,10110,female,2150.960950984353,bs_shelf
2017,10110,male,872.9326638865523,bs_shelf
2017,10110,total,2626.852481383655,bs_shelf
2017,10112,female,452.7436343748235,bs_shelf
2017,10112,male,388.8604371600926,bs_shelf
2017,10112,total,763.2799731907523,bs_shelf
2017,10115,female,117.67616502342533,bs_shelf
2017,10115,male,70.1914638931447,bs_shelf
2017,10115,total,190.50980246673996,bs_shelf
2017,10130,female,1851.6478580743983,bs_shelf
2017,10130,male,1506.6854223900427,bs_shelf
2017,10130,total,2647.6077370485023,bs_shelf
2017,10210,female,1041.8386221517096,bs_shelf
2017,10210,male,627.3355898913928,bs_shelf
2017,10210,total,1105.8400192007628,bs_shelf
2017,10261,female,1410.022942997756,bs_shelf
2017,10261,male,1275.444612496287,bs_shelf
2017,10261,total,2081.058415637588,bs_shelf
2017,10285,female,939.762184997197,bs_shelf
2017,10285,male,1043.0602236620398,bs_shelf
2017,10285,total,1566.761815332417,bs_shelf
2017,21720,female,1695.4732495236078,bs_shelf
2017,21720,male,1702.63566986597,bs_shelf
2017,21720,total,2802.220359175935,bs_shelf
2017,21740,female,2699.3662596466916,bs_shelf
2017,21740,male,2605.81863925749,bs_shelf
2017,21740,total,3907.440292779507,bs_shelf
2018,10110,female,1553.8080647904198,bs_shelf
2018,10110,male,852.4631866686971,bs_shelf
2018,10110,total,2039.9216132816928,bs_shelf
2018,10112,female,426.0841116738565,bs_shelf
2018,10112,male,408.77691423894015,bs_shelf
2018,10112,total,771.7737533503764,bs_shelf
2018,10115,female,95.25798191269716,bs_shelf
2018,10115,male,50.09492676599995,bs_shelf
2018,10115,total,150.19492915787805,bs_shelf
2018,10130,female,1471.2761874164785,bs_shelf
2018,10130,male,1181.7431285878,bs_shelf
2018,10130,total,2073.129417117691,bs_shelf
2018,10210,female,2802.937179144811,bs_shelf
2018,10210,male,1712.5445138705331,bs_shelf
2018,10210,total,458.91107161069783,bs_shelf
2018,10261,female,1033.089795859781,bs_shelf
2018,10261,male,1055.8076450475812,bs_shelf
2018,10261,total,1367.2652799276457,bs_shelf
2018,10285,female,1435.651161442507,bs_shelf
2018,10285,male,1351.6170590454649,bs_shelf
2018,10285,total,2036.2202381412703,bs_shelf
2018,21720,female,1724.84639094635,bs_shelf
2018,21720,male,1715.7947705839763,bs_shelf
2018,21720,total,2995.8595471965655,bs_shelf
2018,21740,female,980.5072427882894,bs_shelf
2018,21740,male,1004.637999492775,bs_shelf
2018,21740,total,1264.7065808921332,bs_shelf
2019,10110,female,2369.932789405319,bs_shelf
2019,10110,male,1274.9798881531435,bs_shelf
2019,10110,total,3273.374932379665,bs_shelf
2019,10112,female,349.40284656473136,bs_shelf
2019,10112,male,309.4693747171361,bs_shelf
2019,10112,total,592.6994238126692,bs_shelf
2019,10115,female,72.80592038370017,bs_shelf
2019,10115,male,25.703511776715747,bs_shelf
2019,10115,total,98.47599944690664,bs_shelf
2019,10130,female,1550.8732196937513,bs_shelf
2019,10130,male,1118.7734690797847,bs_shelf
2019,10130,total,2168.1165226810367,bs_shelf
2019,10210,female,1757.9972302242809,bs_shelf
2019,10210,male,970.8924209583744,bs_shelf
2019,10210,total,1995.1462250999816,bs_shelf
2019,10261,female,1378.7812174629803,bs_shelf
2019,10261,male,1275.672467745314,bs_shelf
2019,10261,total,2409.2797398167854,bs_shelf
2019,10285,female,1203.8162109445584,bs_shelf
2019,10285,male,916.2024576793044,bs_shelf
2019,10285,total,1626.9425736457245,bs_shelf
2019,21720,female,1026.3432518157751,bs_shelf
2019,21720,male,713.1872496719612,bs_shelf
2019,21720,total,1230.1603601293025,bs_shelf
2019,21740,female,3073.1192082240627,bs_shelf
2019,21740,male,2806.5901473831286,bs_shelf
2019,21740,total,2600.1413995515873,bs_shelf
2021,10110,female,2050.191034868698,bs_shelf
2021,10110,male,1077.144017424714,bs_shelf
2021,10110,total,2677.2206887940097,bs_shelf
2021,10112,female,316.1313370552744,bs_shelf
2021,10112,male,300.38147388891457,bs_shelf
2021,10112,total,602.6901153837094,bs_shelf
2021,10115,female,50.78049208422155,bs_shelf
2021,10115,male,13.550758876449375,bs_shelf
2021,10115,total,67.09226290614369,bs_shelf
2021,10130,female,1308.5053637864348,bs_shelf
2021,10130,male,1345.109387700455,bs_shelf
2021,10130,total,2214.8812986786675,bs_shelf
2021,10210,female,1040.966026596801,bs_shelf
2021,10210,male,787.7551100048133,bs_shelf
2021,10210,total,1232.3996952955415,bs_shelf
2021,10261,female,1346.466240617619,bs_shelf
2021,10261,male,1143.1384100271025,bs_shelf
2021,10261,total,2004.7373759304471,bs_shelf
2021,10285,female,943.714330246761,bs_shelf
2021,10285,male,918.155307363109,bs_shelf
2021,10285,total,1492.003540394266,bs_shelf
2021,21720,female,2002.704184899424,bs_shelf
2021,21720,male,1980.5460634724757,bs_shelf
2021,21720,total,3166.767145188049,bs_shelf
2021,21740,female,1687.777933618146,bs_shelf
2021,21740,male,1508.2266878855833,bs_shelf
2021,21740,total,2053.5128180984484,bs_shelf
2022,10110,female,1074.4543529623002,bs_shelf
2022,10110,male,739.7674441517594,bs_shelf
2022,10110,total,1525.2607577824567,bs_shelf
2022,10112,female,213.46621914658883,bs_shelf
2022,10112,male,179.79862796163337,bs_shelf
2022,10112,total,378.1109287032191,bs_shelf
2022,10115,female,36.22617306301613,bs_shelf
2022,10115,male,17.047059245900932,bs_shelf
2022,10115,total,54.69877703078881,bs_shelf
2022,10130,female,1108.1021232270368,bs_shelf
2022,10130,male,581.8374529904414,bs_shelf
2022,10130,total,1180.7725629110248,bs_shelf
2022,10210,female,1559.2792494459463,bs_shelf
2022,10210,male,1141.7460537978557,bs_shelf
2022,10210,total,2096.3785060943665,bs_shelf
2022,10261,female,1420.2508301198786,bs_shelf
2022,10261,male,1098.5175941780035,bs_shelf
2022,10261,total,1771.646191672949,bs_shelf
2022,10285,female,978.2546748168976,bs_shelf
2022,10285,male,908.7292409253284,bs_shelf
2022,10285,total,1527.0320280126996,bs_shelf
2022,21720,female,1614.5627635826081,bs_shelf
2022,21720,male,1674.8677556136442,bs_shelf
2022,21720,total,2387.993338508448,bs_shelf
2022,21740,female,1533.3934832074503,bs_shelf
2022,21740,male,1833.7246020618943,bs_shelf
2022,21740,total,2055.3732063456123,bs_shelf
2002,10110,female,735.5754155263816,bs_slope
2002,10110,male,264.5036091988953,bs_slope
2002,10110,total,963.8588974307532,bs_slope
2002,10112,female,318.09717846615206,bs_slope
2002,10112,male,285.80948949970644,bs_slope
2002,10112,total,559.6819286048733,bs_slope
2002,10115,female,178.9854603963626,bs_slope
2002,10115,male,294.2364888254526,bs_slope
2002,10115,total,442.0061256457736,bs_slope
2002,30060,female,117.289170366938,bs_slope
2002,30060,male,102.79673546367074,bs_slope
2002,30060,total,204.79698387455807,bs_slope
2004,10110,female,1305.1922144154676,bs_slope
2004,10110,male,422.9763155789528,bs_slope
2004,10110,total,1666.5019211675728,bs_slope
2004,10112,female,392.2790471861067,bs_slope
2004,10112,male,538.884933190445,bs_slope
2004,10112,total,817.5999696692951,bs_slope
2004,10115,female,211.042244465884,bs_slope
2004,10115,male,387.5473701122488,bs_slope
2004,10115,total,357.71576605712676,bs_slope
2004,30060,female,97.04975034428595,bs_slope
2004,30060,male,206.7094864820988,bs_slope
2004,30060,total,256.9159153108865,bs_slope
2008,10110,female,1037.508729365196,bs_slope
2008,10110,male,221.96080868560097,bs_slope
2008,10110,total,1041.1916788974695,bs_slope
2008,10112,female,419.21856492454566,bs_slope
2008,10112,male,459.9593218230603,bs_slope
2008,10112,total,714.1685138562286,bs_slope
2008,10115,female,196.8295007176579,bs_slope
2008,10115,male,351.630149492478,bs_slope
2008,10115,total,472.948172118334,bs_slope
2008,30060,female,84.07101918127036,bs_slope
2008,30060,male,98.25806686627064,bs_slope
2008,30060,total,145.78342744123944,bs_slope
2010,10110,female,848.6867161974993,bs_slope
2010,10110,male,337.4114610035725,bs_slope
2010,10110,total,1024.7247541355937,bs_slope
2010,10112,female,540.3962534828427,bs_slope
2010,10112,male,843.5739895261771,bs_slope
2010,10112,total,1189.6322122045792,bs_slope
2010,10115,female,143.29481488330828,bs_slope
2010,10115,male,396.4676402215309,bs_slope
2010,10115,total,532.1895662808708,bs_slope
2010,30060,female,100.9393418407092,bs_slope
2010,30060,male,120.60471859250242,bs_slope
2010,30060,total,225.45699270703068,bs_slope
2012,10110,female,679.9469004668309,bs_slope
2012,10110,male,311.2414831245393,bs_slope
2012,10110,total,829.4676733983313,bs_slope
2012,10112,female,332.9696658089176,bs_slope
2012,10112,male,238.30379473827816,bs_slope
2012,10112,total,394.12326000352,bs_slope
2012,10115,female,240.8309203290489,bs_slope
2012,10115,male,263.442249231034,bs_slope
2012,10115,total,366.6834314295057,bs_slope
2012,30060,female,112.88420834528632,bs_slope
2012,30060,male,105.63541541265016,bs_slope
2012,30060,total,191.6109300405297,bs_slope
2016,10110,female,514.065056884938,bs_slope
2016,10110,male,150.80532219621722,bs_slope
2016,10110,total,553.2383106219794,bs_slope
2016,10112,female,397.4828435416094,bs_slope
2016,10112,male,562.28538765501,bs_slope
2016,10112,total,902.354796127848,bs_slope
2016,10115,female,241.86055853346463,bs_slope
2016,10115,male,324.3013623988766,bs_slope
2016,10115,total,525.2148981108589,bs_slope
2016,30060,female,51.53862840887949,bs_slope
2016,30060,male,61.93425706844168,bs_slope
2016,30060,total,106.90187691369208,bs_slope
