year,species_code,comp_type,iss_age,iss_length,region
1990,10110,female,95.3059431346321,2797.1350733385525,goa
1990,10130,female,33.28061422770973,1118.3065543388084,goa
1990,10180,female,40.32750473908032,583.1436197721354,goa
1990,21720,female,72.76518826751041,473.8402343452474,goa
1990,21740,female,95.13758311913956,552.4658794983868,goa
1990,30060,female,105.01960357175253,136.20405708757838,goa
1990,30420,female,36.728581450983505,65.47496770120546,goa
1993,10110,female,249.4646318200928,5712.009738153341,goa
1993,10130,female,63.09564869907534,1143.3113520087502,goa
1993,10180,female,52.30745807445912,1129.3629247439742,goa
1993,21720,female,113.22908298583742,650.878334724371,goa
1993,21740,female,176.98683985729193,671.1475708839693,goa
1993,30060,female,141.6366280388868,235.68331691514996,goa
1993,30420,female,19.504678628151343,92.84774168775073,goa
1996,10110,female,186.4700354504316,5028.83747746766,goa
1996,10130,female,97.65775168506389,1753.3345595167607,goa
1996,10180,female,75.2613249657941,1023.2930679903616,goa
1996,20510,female,68.96673275196623,367.421027922691,goa
1996,21720,female,56.76708753105717,381.40349672358,goa
1996,21740,female,84.5346764901609,346.72334002118515,goa
1996,30060,female,71.69524140663205,218.74247671287105,goa
1996,30420,female,55.61354493159365,70.6111517422776,goa
1999,10110,female,243.68750468302065,5242.4581241193855,goa
1999,10130,female,113.67148905060414,1526.7128674059925,goa
1999,10180,female,69.991680698185,978.0796405954428,goa
1999,20510,female,57.68350241719532,608.3790980862076,goa
1999,21720,female,126.7343868831802,1087.543454868737,goa
1999,21740,female,112.16139027087938,529.5721393488446,goa
1999,30060,female,71.79983904593391,137.96269733495762,goa
1999,30420,female,33.03788651989724,74.98855045202097,goa
2001,10110,female,379.4502524614456,2858.2681429823065,goa
2001,10130,female,149.3615566911528,1270.8705994050356,goa
2001,10180,female,117.61332687846873,363.8531380217963,goa
2001,21720,female,99.46346843129784,551.7798517112218,goa
2001,21740,female,36.08699366698196,82.33726777682469,goa
2001,30420,female,52.414733494674614,85.18689974136184,goa
2003,10110,female,198.05974373665353,2281.5962682546583,goa
2003,10130,female,96.16490360165554,2327.4006979082524,goa
2003,10180,female,111.79907908062502,437.3190500663898,goa
2003,21720,female,144.98959043656697,1043.8083693811377,goa
2003,21740,female,162.9152391344026,876.1612306286672,goa
2003,30060,female,159.24156209124268,373.56611635546903,goa
2003,30420,female,14.19604291143331,147.21726299844508,goa
2005,10110,female,188.9835174812039,5370.247795228,goa
2005,10130,female,97.86625787415603,2388.0834420067886,goa
2005,10180,female,121.3833459029727,906.0553640601923,goa
2005,21720,female,63.6267156558525,395.08824621140445,goa
2005,21740,female,188.9162908822883,879.2539482980292,goa
2005,30060,female,170.01867077053922,494.7299946806951,goa
2005,30420,female,25.668274206107395,11.16708933842573,goa
2007,10110,female,187.63612506392317,4653.003282870607,goa
2007,10130,female,166.0741269308548,2061.526459917803,goa
2007,10180,female,82.23431918867577,659.3754768333179,goa
2007,21720,female,29.893052338983537,320.1179166893968,goa
2007,21740,female,80.13549608300048,357.7848372650143,goa
2007,30060,female,178.25918225755234,420.1697185126192,goa
2007,30420,female,118.94577673075078,221.88393488455088,goa
2009,10110,female,185.08610959750249,2736.1357745127716,goa
2009,10130,female,151.76698977971543,1006.8059438203552,goa
2009,10180,female,114.66284787173184,850.2338096052611,goa
2009,21720,female,73.40279825779946,493.55337090506873,goa
2009,21740,female,104.53914402610688,443.6492553901832,goa
2009,30060,female,56.451721417422576,490.91388958093233,goa
2009,30420,female,112.69299477701053,159.67884864873346,goa
2011,10110,female,192.33848174415755,2965.991163408726,goa
2011,10130,female,122.70384918979622,879.3557975578697,goa
2011,10180,female,100.78300174807268,681.0398846778008,goa
2011,21720,female,85.8070654693767,496.19965085316096,goa
2011,21740,female,104.60602808154825,443.1063312846221,goa
2011,30060,female,117.907165104747,281.04843216382363,goa
2011,30420,female,77.21247636495052,147.79583692526785,goa
2013,10110,female,179.03878606850122,1918.6314166218597,goa
2013,10130,female,105.48353563211384,1557.552785618038,goa
2013,10180,female,80.3004474483391,403.593114074615,goa
2013,21720,female,69.63024128557835,398.6557091373319,goa
2013,21740,female,68.24525239684353,171.1699864600159,goa
2013,30060,female,152.08865207043448,409.41634124740983,goa
2013,30420,female,92.30911417456942,82.16344779389765,goa
2015,10110,female,148.88624585533688,3480.618726208774,goa
2015,10130,female,179.785854639845,2135.6588416787904,goa
2015,10180,female,95.77990047229106,453.1450768519568,goa
2015,21720,female,104.11028626686068,1165.9570277960595,goa
2015,21740,female,101.18619502791468,451.3036138879811,goa
2015,30060,female,132.3896560201002,491.9045306122677,goa
2015,30420,female,96.83838903869676,169.24990308692716,goa
2017,10110,female,362.6761622694012,2799.3085744404966,goa
2017,10130,female,83.66773070270635,1253.7075632973535,goa
2017,10180,female,67.15757189636561,382.5764699814323,goa
2017,21720,female,58.94021421368876,445.0683790055958,goa
2017,21740,female,11.48987560554709,73.5119111065796,goa
2017,30060,female,162.21021726842977,281.1893421026881,goa
2017,30420,female,90.98442921979958,92.95001887485698,goa
2019,10110,female,370.3774096327324,4329.014895970791,goa
2019,10130,female,68.34118213810528,953.7856372953366,goa
2019,10180,female,65.08737486608817,421.4464802380905,goa
2019,21720,female,44.29801677989056,243.04589927360365,goa
2019,21740,female,98.69415024993567,434.8678753863927,goa
2019,30060,female,216.66226744635836,658.9053704743577,goa
2019,30420,female,81.19070267978148,119.89724374314191,goa
2021,10130,female,92.69211414621766,1285.9524146242372,goa
2021,21720,female,112.36429387623508,720.9954880245457,goa
2021,21740,female,84.16577881732952,417.4747263496472,goa
2021,30060,female,180.42160311521832,273.95868046773114,goa
2021,30420,female,100.89830058811144,152.69318224999762,goa
1990,10110,male,36.183829975262405,1696.671261951003,goa
1990,10130,male,26.682566799151793,949.1010893221804,goa
1990,10180,male,22.193831735364864,262.35826435919586,goa
1990,21720,male,64.3530422749258,422.9487699500217,goa
1990,21740,male,73.04007891187749,376.7569074449456,goa
1990,30060,male,158.5377705567853,219.08224432087536,goa
1990,30420,male,27.90437733589419,72.8192851650913,goa
1993,10110,male,151.83313102505662,2393.9097181625734,goa
1993,10130,male,39.85311470908978,875.805096125587,goa
1993,10180,male,34.32622024608428,1090.4344817944536,goa
1993,21720,male,104.10054569940446,610.3385623241419,goa
1993,21740,male,137.32440858242637,497.2649628302743,goa
1993,30060,male,166.0351660070032,289.7554901474068,goa
1993,30420,male,19.0777495288694,145.2261149586444,goa
1996,10110,male,106.49717831626144,2131.0974017431254,goa
1996,10130,male,65.10128564920868,1401.244738647371,goa
1996,10180,male,57.22576675835827,982.6604331177244,goa
1996,20510,male,63.73702038919176,575.5647267135474,goa
1996,21720,male,27.466691723040416,189.2544170686747,goa
1996,21740,male,52.71809341414899,259.1188639859143,goa
1996,30060,male,69.8112209964434,179.30845353132466,goa
1996,30420,male,66.03292469964849,86.01814618763717,goa
1999,10110,male,166.9748332201902,2775.5349353889474,goa
1999,10130,male,84.2161866339302,1296.6666750473269,goa
1999,10180,male,49.79676406537862,965.0667114029372,goa
1999,20510,male,54.94951301052562,744.5281300459368,goa
1999,21720,male,112.8093170528134,998.5674766077188,goa
1999,21740,male,62.046297242095186,231.98164911132812,goa
1999,30060,male,70.35589681106353,96.02035307987124,goa
1999,30420,male,38.449649016521455,81.63686522924289,goa
2001,10110,male,235.8589119345324,1348.3227100548886,goa
2001,10130,male,136.9860517911486,962.439742237035,goa
2001,10180,male,77.35296046111503,339.3273595326628,goa
2001,21720,male,99.9503357640828,519.815912218798,goa
2001,21740,male,26.956744260225193,86.50776218484428,goa
2001,30420,male,54.63672958428463,152.34952170094456,goa
2003,10110,male,154.06804017555706,1119.1448172636096,goa
2003,10130,male,103.779338634885,1976.172756177163,goa
2003,10180,male,81.3669316397056,396.03461397293427,goa
2003,21720,male,122.3197635806248,1167.2360044360446,goa
2003,21740,male,135.7256162182195,758.7325796564244,goa
2003,30060,male,154.64930082648465,414.42250037904904,goa
2003,30420,male,20.219827961349175,161.86078749236756,goa
2005,10110,male,139.7652651943041,2382.1279580018,goa
2005,10130,male,74.72233694680655,1826.426344460685,goa
2005,10180,male,89.11544965555886,1053.9356654426122,goa
2005,21720,male,74.680652571222,435.1590412614236,goa
2005,21740,male,153.3372107804531,723.8419464104194,goa
2005,30060,male,167.09923288341116,496.55319765816034,goa
2005,30420,male,46.76815213989955,68.95136389580256,goa
2007,10110,male,119.99162299108986,2039.8769207525984,goa
2007,10130,male,119.29426519045518,1445.5029872724508,goa
2007,10180,male,75.89966741587008,830.2064217734861,goa
2007,21720,male,34.15753361598231,356.8963863235646,goa
2007,21740,male,81.57461598310945,336.19979910531,goa
2007,30060,male,155.30691095025455,406.15650325215466,goa
2007,30420,male,101.02502678064914,172.78864582997397,goa
2009,10110,male,153.0479423841671,1486.9806635590508,goa
2009,10130,male,125.08692861972663,1077.430387201817,goa
2009,10180,male,88.25717798613668,929.8967200550022,goa
2009,21720,male,78.31785169854936,471.10751470214575,goa
2009,21740,male,85.67000933820458,337.7692441889768,goa
2009,30060,male,41.03517346525478,510.6379537896333,goa
2009,30420,male,111.16023383127028,184.48883768540145,goa
2011,10110,male,138.14610778713333,1679.0197284035223,goa
2011,10130,male,69.06349359097493,495.7915208055346,goa
2011,10180,male,74.97170933364116,716.3577163790522,goa
2011,21720,male,110.28043667052576,579.0013662824572,goa
2011,21740,male,81.86884285030008,352.04895926518753,goa
2011,30060,male,122.24652446669808,280.1505721098136,goa
2011,30420,male,54.06117228465182,136.60218312572127,goa
2013,10110,male,122.79223363841396,1162.711189113965,goa
2013,10130,male,81.88937124708463,752.8845052752387,goa
2013,10180,male,77.54084471982247,312.97802690327944,goa
2013,21720,male,48.95789633373187,337.01576118975237,goa
2013,21740,male,66.38599631661654,157.15237875484604,goa
2013,30060,male,129.0220775796959,491.6267246286223,goa
2013,30420,male,78.64740957111,80.12005830696204,goa
2015,10110,male,100.8252877348882,1504.84425519955,goa
2015,10130,male,147.08305876127667,1679.8502767389134,goa
2015,10180,male,81.59998980567785,496.57992369578096,goa
2015,21720,male,94.29250906363087,1209.7984058144405,goa
2015,21740,male,82.30772506045089,376.39898734437463,goa
2015,30060,male,136.15722605106137,526.7367982223637,goa
2015,30420,male,65.76910702657888,102.09888369342012,goa
2017,10110,male,153.89842064464878,1479.4550958135992,goa
2017,10130,male,88.1666185226208,1035.4958567099782,goa
2017,10180,male,85.5670906844859,347.3968223189213,goa
2017,21720,male,47.57515062442555,378.08852250014286,goa
2017,21740,male,14.651073099809096,72.88682872871391,goa
2017,30060,male,148.77579725019783,235.8077620820708,goa
2017,30420,male,75.82581686245908,168.4708874586926,goa
2019,10110,male,208.32477415243977,2620.606504504529,goa
2019,10130,male,75.25466552726176,704.1659703620384,goa
2019,10180,male,70.71615636923305,453.95233715985313,goa
2019,21720,male,50.23807533552321,263.71310703978696,goa
2019,21740,male,84.22557694410058,286.44727384717083,goa
2019,30060,male,220.9099968986951,480.7258537891757,goa
2019,30420,male,62.796469463189794,199.91288958493817,goa
2021,10130,male,88.67845150218957,1210.29971073302,goa
2021,21720,male,104.68402230074572,642.0414273553163,goa
2021,21740,male,75.92019886602381,343.05861190317347,goa
2021,30060,male,228.50201757486505,320.56433086369873,goa
2021,30420,male,104.7141141278614,271.4863879432108,goa
1990,10110,total,110.1216462273414,3757.756017853448,goa
1990,10130,total,65.25107820556026,1751.4493597865871,goa
1990,10180,total,59.45593802237361,676.1425700359397,goa
1990,21720,total,100.87065176113524,594.1325508231977,goa
1990,21740,total,87.4539959170652,375.89470970157714,goa
1990,30060,total,160.7238417252973,230.10529056297457,goa
1990,30420,total,54.17262531767546,97.2062882955639,goa
1993,10110,total,366.9771312699126,7330.051945884358,goa
1993,10130,total,98.58340319530348,2068.572140545146,goa
1993,10180,total,84.14874863862381,2118.5187412899936,goa
1993,21720,total,154.7204878255349,937.1394689213894,goa
1993,21740,total,184.1189137428679,886.2228270649181,goa
1993,30060,total,227.4096489079514,321.3310906524636,goa
1993,30420,total,39.132434970744406,166.99190403913212,goa
1996,10110,total,268.6423096586439,5995.694603329869,goa
1996,10130,total,147.71212051386058,2938.477593351364,goa
1996,10180,total,130.74256939250876,1763.9947384429229,goa
1996,20510,total,101.31363808195356,680.1531600039567,goa
1996,21720,total,43.20757634549113,308.4339867042299,goa
1996,21740,total,39.9254640831431,124.74811382470564,goa
1996,30060,total,109.24345886364496,247.51946247309183,goa
1996,30420,total,117.63401225449812,127.13820256255234,goa
1999,10110,total,383.796172451574,6903.681965978244,goa
1999,10130,total,165.5378468657036,2463.94921547073,goa
1999,10180,total,107.37946775836694,1687.1363450720428,goa
1999,20510,total,74.62520438263324,995.496641061903,goa
1999,21720,total,180.2576443455745,1492.5679331760202,goa
1999,21740,total,99.59481562776791,425.479546725221,goa
1999,30060,total,98.3900753425394,170.39342020898107,goa
1999,30420,total,59.01065198078725,160.0847366040414,goa
2001,10110,total,537.2840053595104,3545.60248380333,goa
2001,10130,total,255.090370571058,2023.7225484385588,goa
2001,10180,total,184.21133178679597,653.4251591186666,goa
2001,21720,total,125.43348701455076,748.8496488255734,goa
2001,21740,total,32.7648142304887,94.23852720527178,goa
2001,30420,total,98.42042444901274,172.5397303451122,goa
2003,10110,total,286.8427381581641,2617.2609066279874,goa
2003,10130,total,192.99976744451155,3619.284355414949,goa
2003,10180,total,162.4592239374481,623.7123799459919,goa
2003,21720,total,212.8354171750912,1731.0552859314057,goa
2003,21740,total,181.3663228493234,907.5754470527432,goa
2003,30060,total,252.51497269113696,512.6228279190907,goa
2003,30420,total,31.831578136395542,245.28776841969335,goa
2005,10110,total,303.51829690452644,6516.154422016813,goa
2005,10130,total,149.45454112067387,3558.364172806292,goa
2005,10180,total,185.67475759030788,1800.009238883036,goa
2005,21720,total,93.24667449978404,541.0488998083845,goa
2005,21740,total,98.9324228913924,408.40118880072737,goa
2005,30060,total,274.76863122047337,641.5156415179019,goa
2005,30420,total,46.55830601736873,22.473972244249676,goa
2007,10110,total,289.84458220737383,5342.44051815412,goa
2007,10130,total,266.6486081001614,2831.1377762540415,goa
2007,10180,total,145.37586386119753,1367.0266048602978,goa
2007,21720,total,35.69177144291404,405.9953539796395,goa
2007,21740,total,92.90967580135516,433.0915831566455,goa
2007,30060,total,297.6388627443866,499.3467947966079,goa
2007,30420,total,197.3460865149447,273.34369805758683,goa
2009,10110,total,287.2908189053307,3055.1155502128745,goa
2009,10130,total,254.7704834764404,1725.867527791256,goa
2009,10180,total,187.24284640730033,1683.2655501253882,goa
2009,21720,total,14.29357697063565,105.28915205102732,goa
2009,21740,total,70.51529284738797,395.2797126106008,goa
2009,30060,total,87.089072687348,666.644142481811,goa
2009,30420,total,198.0732421435705,299.5431155556032,goa
2011,10110,total,316.08038807865046,3805.4899811849023,goa
2011,10130,total,169.06563593912188,1008.7791827370942,goa
2011,10180,total,154.84596146195233,1303.4620643535525,goa
2011,21720,total,124.6835189192317,686.7779430275116,goa
2011,21740,total,108.04386589133078,447.67740853384686,goa
2011,30060,total,180.80732882101557,334.1326240124573,goa
2011,30420,total,119.94534579673528,328.0100398882339,goa
2013,10110,total,273.9891127708289,2520.01963421203,goa
2013,10130,total,185.0008525126628,1738.9172225913292,goa
2013,10180,total,151.57932285771224,569.3271411344126,goa
2013,21720,total,63.977942782574885,448.12068053406693,goa
2013,21740,total,72.54890795423245,180.1098932867748,goa
2013,30060,total,231.38922991672428,643.5167099257263,goa
2013,30420,total,157.40843343507478,128.58313257693095,goa
2015,10110,total,230.65450618598393,4080.1929348498825,goa
2015,10130,total,299.4870743858944,3277.3672422512045,goa
2015,10180,total,166.69944594371154,846.2124870503545,goa
2015,21720,total,133.99921687300255,1663.8645818340506,goa
2015,21740,total,106.19546424769018,476.46910665751335,goa
2015,30060,total,230.78985701625496,664.832936737473,goa
2015,30420,total,149.65350491521377,243.67287220070855,goa
2017,10110,total,488.2090817831058,3814.713690104675,goa
2017,10130,total,163.15655553677638,1885.117635697646,goa
2017,10180,total,145.01363381749474,685.5905107279914,goa
2017,21720,total,87.07568804104234,677.5296766032079,goa
2017,21740,total,14.744571466617142,94.17700937666484,goa
2017,30060,total,267.66989985410817,375.6641058969061,goa
2017,30420,total,154.8728300423161,185.2142142088484,goa
2019,10110,total,532.6089364871686,5720.64069407944,goa
2019,10130,total,132.90525207454422,1213.0449657931888,goa
2019,10180,total,129.37023886073789,790.1463029762958,goa
2019,21720,total,59.386062671907126,341.51123874242126,goa
2019,21740,total,83.85825756008403,350.5197202809284,goa
2019,30060,total,326.6100706253565,692.5108729315,goa
2019,30420,total,139.3378159442223,252.2875561386106,goa
2021,10130,total,172.6274169378911,2055.616908987641,goa
2021,21720,total,165.09354404460677,1141.1673759961473,goa
2021,21740,total,86.46684028626602,451.30588880776014,goa
2021,30060,total,341.76998186793713,391.2983477605855,goa
2021,30420,total,191.55017254270675,337.5726264370024,goa
1990,3005012,female,34.54206628470771,330.49173414070157,goa
1993,3005012,female,103.29275768075028,402.64624630848857,goa
1996,3005012,female,115.39627089404694,466.5158823682429,goa
1999,3005012,female,109.3410294299365,456.1505984521132,goa
2003,3005012,female,86.86811333126306,420.27886096897186,goa
2005,3005012,female,88.46932031491494,462.77145674398326,goa
2007,3005012,female,84.16557436734034,498.46617237022826,goa
2009,3005012,female,144.98845408029246,463.5813126025527,goa
2011,3005012,female,67.2160699542372,341.9971112760853,goa
2013,3005012,female,155.0603981509261,234.9433313640563,goa
2015,3005012,female,83.0918650158991,272.7896348001326,goa
2017,3005012,female,78.64061270107113,291.56666625675774,goa
2019,3005012,female,30.00618027683504,91.5378154556713,goa
2021,3005012,female,48.930068935840026,305.6923474354632,goa
1990,3005012,male,29.011177127007542,307.2728033769422,goa
1993,3005012,male,115.81993859227006,345.92773037008516,goa
1996,3005012,male,118.14739010319826,466.8074533107291,goa
1999,3005012,male,99.40402515563676,403.0684366207746,goa
2003,3005012,male,83.10565589520172,428.1781827761235,goa
2005,3005012,male,96.13645561808644,504.44673081704315,goa
2007,3005012,male,69.03696025042441,461.96156508031487,goa
2009,3005012,male,141.33509425678255,488.6123872123164,goa
2011,3005012,male,72.89496321669156,356.5141023269031,goa
2013,3005012,male,157.1703132910095,234.2720987676754,goa
2015,3005012,male,79.99141608970265,307.1307034121896,goa
2017,3005012,male,77.56536839162442,278.0113596734529,goa
2019,3005012,male,32.800639730901224,115.32423800492066,goa
2021,3005012,male,45.25804625730036,311.0044109794873,goa
1990,3005012,total,55.582875740268534,446.6041706741285,goa
1993,3005012,total,188.5889725473876,489.8569839137247,goa
1996,3005012,total,196.21703061515765,748.1767677917566,goa
1999,3005012,total,181.8981528425913,611.732327646402,goa
2003,3005012,total,159.40811302609106,685.2408820653723,goa
2005,3005012,total,170.43466206886836,769.556993300547,goa
2007,3005012,total,139.67920900911128,684.7101097666354,goa
2009,3005012,total,260.43758010602306,674.4633022888797,goa
2011,3005012,total,128.6002390172734,546.3453670158358,goa
2013,3005012,total,272.0942812976492,377.7317860143111,goa
2015,3005012,total,164.99079973070545,507.4449934458325,goa
2017,3005012,total,144.0861687361804,460.327551919553,goa
2019,3005012,total,54.1364011162878,126.1942400535588,goa
2021,3005012,total,91.09645602363952,564.0262520808346,goa
1993,301502,female,40.34853465467257,82.54004260348862,goa
1996,301502,female,59.46679862698427,65.03189394878011,goa
1999,301502,female,27.804272441673017,177.025734750771,goa
2001,301502,female,81.05079237130786,131.126460447232,goa
2003,301502,female,7.596671274945213,51.62183854476716,goa
2005,301502,female,62.87974759204471,160.42513794482997,goa
2007,301502,female,78.58162563530847,137.09741715067915,goa
2009,301502,female,77.70820914639849,138.63929935762084,goa
2011,301502,female,86.82809445265713,148.57602071936785,goa
2013,301502,female,75.4514495640767,138.99411062380915,goa
2015,301502,female,110.36227439661066,281.9479924448332,goa
2017,301502,female,93.02567858792546,221.6782361929809,goa
2019,301502,female,89.94305989767392,290.4371847271791,goa
2021,301502,female,73.7961370115978,143.68923321034947,goa
1993,301502,male,33.77844829853593,77.94528842096587,goa
1996,301502,male,67.6916980403651,63.26771955376351,goa
1999,301502,male,13.587950597865916,105.32481219045734,goa
2001,301502,male,59.15043963808598,91.90231441358829,goa
2003,301502,male,7.566500300121246,34.46639730029344,goa
2005,301502,male,54.73287657599987,108.38681748030734,goa
2007,301502,male,59.91150271188667,79.65382657559768,goa
2009,301502,male,59.068371517514166,139.77612324370963,goa
2011,301502,male,71.92410583708775,107.5757649892088,goa
2013,301502,male,75.26502506260778,157.12091261476405,goa
2015,301502,male,81.03262451342,232.2749218731228,goa
2017,301502,male,62.496239483281606,185.6465773115736,goa
2019,301502,male,82.7960159047653,229.07194250759937,goa
2021,301502,male,62.573289515086,100.81548840814212,goa
1993,301502,total,48.92371915940982,96.83889836938802,goa
1996,301502,total,103.84602525836286,103.36673746774926,goa
1999,301502,total,41.20030487690197,217.85229928873608,goa
2001,301502,total,96.88067666252002,150.05901949732302,goa
2003,301502,total,11.926163468043612,48.32349655138864,goa
2005,301502,total,89.7805210435245,172.7865634930801,goa
2007,301502,total,109.32988146331822,140.71647604815718,goa
2009,301502,total,116.0780160809124,187.42482078348945,goa
2011,301502,total,146.8044729243808,232.71148989309785,goa
2013,301502,total,145.62545366133432,238.70557714844512,goa
2015,301502,total,178.22677721886947,413.0993777109972,goa
2017,301502,total,124.28697760106988,275.16643288515,goa
2019,301502,total,155.1099374366749,376.58563010652455,goa
2021,301502,total,122.39302627277834,183.19824620034456,goa
2013,10262,female,8.375155366856708,46.716940686422475,egoa
2017,10262,female,13.55488384374119,51.7118536897332,egoa
2021,10262,female,8.072256576059178,64.89115744802841,egoa
2017,10262,male,7.080000014925391,32.4501949820996,egoa
2013,10262,total,13.245887638849553,73.78273608851585,egoa
2017,10262,total,18.483667928247524,81.35562046296616,egoa
2021,10262,total,11.41753863110682,90.13465780419344,egoa
1996,10261,female,12.672177535119246,608.9447774035093,wgoa
1996,10262,female,13.01264400420599,833.6130151871507,wgoa
1999,10261,female,46.801228783138704,252.33806467985684,wgoa
1999,10262,female,27.4433207265002,601.0404993225884,wgoa
2001,10261,female,55.06454274118804,541.7662756110909,wgoa
2001,10262,female,26.87766573843213,486.1126890212764,wgoa
2003,10262,female,41.129373931296215,1465.1135683523264,wgoa
2003,10261,female,64.15315837577214,582.2807577565693,wgoa
2005,10261,female,55.41494345355788,735.4682514337749,wgoa
2005,10262,female,42.79614198501816,829.8742887689739,wgoa
2007,10261,female,53.05957337109241,810.4684113192894,wgoa
2007,10262,female,42.83312720046404,1493.2615241150334,wgoa
2009,10262,female,35.45386278754982,986.0873245544852,wgoa
2009,10261,female,52.64659956038433,472.66935998612377,wgoa
2011,10261,female,40.20110041266682,392.36680291848097,wgoa
2011,10262,female,28.05866435277662,932.3381328475562,wgoa
2013,10261,female,25.894377981147574,317.755166309642,wgoa
2013,10262,female,35.93144784310037,705.3371775263247,wgoa
2015,10261,female,40.01632096771037,400.037874049518,wgoa
2015,10262,female,31.832773834418468,1003.6559021558148,wgoa
2017,10261,female,33.10991152020576,548.7207649949972,wgoa
2017,10262,female,33.112605619425686,689.8016158028407,wgoa
2019,10262,female,81.89725006598611,582.3555301472562,wgoa
2021,10262,female,128.30434092996035,841.0174007595057,wgoa
1996,10261,male,10.91424080066478,252.12680720423907,wgoa
1999,10261,male,28.74846924155847,238.7652676921696,wgoa
2001,10261,male,44.21800180323791,319.1831808812203,wgoa
2001,10262,male,19.70810818135878,138.35872830041097,wgoa
2003,10262,male,30.273754866906053,473.4304422465877,wgoa
2003,10261,male,30.98506624867378,232.04586743726864,wgoa
2005,10261,male,32.04037816144797,511.2147846422496,wgoa
2005,10262,male,22.25396792555541,341.38756025583365,wgoa
2007,10261,male,32.895786554088076,454.8441660641231,wgoa
2007,10262,male,29.34824346190174,520.3879764003483,wgoa
2009,10262,male,23.655399454379612,384.22499596693666,wgoa
2009,10261,male,27.764142833119077,340.80862096108984,wgoa
2011,10261,male,25.578213233694544,267.3760104622094,wgoa
2011,10262,male,20.238592124270173,255.75469551479324,wgoa
2013,10261,male,19.805345809444105,213.4137498777714,wgoa
2013,10262,male,19.15462719079915,290.3673677616217,wgoa
2015,10261,male,27.539291274271125,198.75623169894317,wgoa
2015,10262,male,25.928606073598097,350.7404312073012,wgoa
2017,10261,male,15.206869969000218,368.4590138385218,wgoa
2017,10262,male,23.37149734320896,174.6422106941279,wgoa
2019,10262,male,33.58964883011568,252.1917243887436,wgoa
2021,10262,male,50.87841687586932,314.5135513437421,wgoa
1996,10261,total,27.141097323304574,480.244062903856,wgoa
1996,10262,total,19.277678474065887,753.0453253775322,wgoa
1999,10261,total,70.75079087336766,375.3340189503056,wgoa
1999,10262,total,41.287639224715235,629.1655949022052,wgoa
2001,10261,total,88.94645014454065,746.6426117762899,wgoa
2001,10262,total,45.36372986580106,614.0572695913557,wgoa
2003,10262,total,65.4241254239766,1686.9668596094505,wgoa
2003,10261,total,78.86719686044341,489.5497949296396,wgoa
2005,10261,total,77.24839699148815,1002.8715874803283,wgoa
2005,10262,total,58.43185617889133,1039.555578247541,wgoa
2007,10261,total,80.83698172450272,907.802975611003,wgoa
2007,10262,total,70.50571282720286,1791.610455556516,wgoa
2009,10262,total,55.58572616889445,1223.2935618924328,wgoa
2009,10261,total,63.42854377884895,447.4761732630424,wgoa
2011,10261,total,66.07780126927958,647.0957162139523,wgoa
2011,10262,total,41.34021979381812,1022.796397345237,wgoa
2013,10261,total,43.75253571801803,306.43988405184007,wgoa
2013,10262,total,56.075438059853894,876.7813291359273,wgoa
2015,10261,total,54.909871147551065,392.0244083507833,wgoa
2015,10262,total,51.78318492958169,1260.520178172081,wgoa
2017,10261,total,46.28944439731684,739.8895544080236,wgoa
2017,10262,total,49.433513438722336,732.7135295824489,wgoa
2019,10262,total,114.88196638321676,795.7960915756793,wgoa
2021,10262,total,173.09185811972603,932.6440600385,wgoa
1996,10262,female,26.668397022890513,726.0112502410398,cgoa
1999,10261,female,26.430180795790108,292.4523183326353,cgoa
1999,10262,female,48.07563579603486,733.1001797204345,cgoa
2001,10261,female,74.60273041944508,528.9181387144234,cgoa
2001,10262,female,124.72766400274558,762.7994604217816,cgoa
2003,10261,female,49.23035237164069,714.7095320508562,cgoa
2003,10262,female,110.4910580519306,828.7339350766214,cgoa
2005,10261,female,28.460768436464065,508.92425485410894,cgoa
2005,10262,female,41.45248803366707,885.4445352854242,cgoa
2007,10262,female,64.14270937715253,1423.3553706301354,cgoa
2007,10261,female,36.54424827877597,418.52148900127304,cgoa
2009,10261,female,47.55706580739504,416.2273620207511,cgoa
2009,10262,female,81.9508254832058,575.1715289158046,cgoa
2011,10261,female,30.70221464558422,387.50217177469347,cgoa
2011,10262,female,45.369096673420785,817.3684669831952,cgoa
2013,10261,female,36.569136142483075,248.3276279457295,cgoa
2013,10262,female,46.81031583160963,568.4183588238186,cgoa
2015,10261,female,52.98552309240005,385.2522857756642,cgoa
2015,10262,female,52.68535334075014,870.9490268056869,cgoa
2017,10261,female,94.40183502597964,263.4860476121708,cgoa
2017,10262,female,107.63240689602684,538.5899084890223,cgoa
2019,10262,female,141.98370259829576,725.9599935919599,cgoa
2021,10262,female,98.77356608719955,747.840971220287,cgoa
1996,10262,male,20.85777156275961,278.9026330758523,cgoa
1999,10261,male,17.769435170246396,206.07985783077413,cgoa
1999,10262,male,32.214542887995314,258.4756787851446,cgoa
2001,10261,male,46.8318544060889,313.37748312106146,cgoa
2001,10262,male,64.46520802519592,334.5935952253272,cgoa
2003,10261,male,33.88423520033836,497.627806963584,cgoa
2003,10262,male,54.87883261326706,417.3286365748083,cgoa
2005,10261,male,15.539275796577838,252.2595751460363,cgoa
2005,10262,male,18.10411102859766,193.78362229373317,cgoa
2007,10262,male,42.258036659282595,553.982790850672,cgoa
2007,10261,male,20.809017260198917,300.3426086648254,cgoa
2009,10261,male,39.24842747542356,276.44768761788157,cgoa
2009,10262,male,44.5296643427905,177.50225610531234,cgoa
2011,10261,male,20.5750713298488,235.90992896923728,cgoa
2011,10262,male,17.916049205848704,202.3220656171141,cgoa
2013,10261,male,23.61289160219528,118.95014289020536,cgoa
2013,10262,male,26.871270526189672,347.01020274782525,cgoa
2015,10261,male,37.01358915674445,269.9846487612508,cgoa
2015,10262,male,26.431024397224455,384.89361307630065,cgoa
2017,10261,male,69.6673748631445,202.90907601838416,cgoa
2017,10262,male,60.428547479167186,342.1137981699872,cgoa
2019,10262,male,47.5306246125943,346.75379981375795,cgoa
2021,10262,male,44.35546105694321,420.16549824809834,cgoa
1996,10262,total,42.4652623528061,973.6351378618278,cgoa
1999,10261,total,40.732707646873976,408.5554422548122,cgoa
1999,10262,total,74.73436942966585,942.525053377553,cgoa
2001,10261,total,113.75615204895465,786.6358256477085,cgoa
2001,10262,total,171.98026115524812,932.0405084929612,cgoa
2003,10261,total,81.37934324339541,994.6617926388255,cgoa
2003,10262,total,150.8413806546357,1109.7874112545385,cgoa
2005,10261,total,46.19764326155003,683.1824854661174,cgoa
2005,10262,total,51.942190117806746,744.0042823780096,cgoa
2007,10262,total,99.94554298319348,1749.001436712868,cgoa
2007,10261,total,52.01243915189913,610.2764948295561,cgoa
2009,10261,total,70.99808695196107,533.2223518057931,cgoa
2009,10262,total,101.2788808768711,509.9233864550285,cgoa
2011,10261,total,48.811244840256485,518.6101457024956,cgoa
2011,10262,total,62.52982016488613,791.3111795302681,cgoa
2013,10261,total,51.95200314881614,284.9512587901677,cgoa
2013,10262,total,66.97022337705079,785.4244972783871,cgoa
2015,10261,total,80.46150942771085,553.441745028113,cgoa
2015,10262,total,74.01060515414973,1149.849411978459,cgoa
2017,10261,total,145.76252732129208,400.7355858396387,cgoa
2017,10262,total,150.11410484467257,773.3570518065734,cgoa
2019,10262,total,168.6505450613895,1022.1165027180892,cgoa
2021,10262,total,133.92573795168636,1045.6657428789129,cgoa
1990,10200,female,5.718789086651795,140.10590253013498,egoa
1996,10200,female,10.656302656860149,550.0859240476906,egoa
1999,10200,female,9.273007792448343,727.5643521499536,egoa
2003,10200,female,30.690210816218272,348.486020726017,egoa
2005,10200,female,31.245704783485692,713.5281801800505,egoa
2009,10200,female,34.00100587890485,438.02797381391434,egoa
2011,10200,female,33.37183221729206,478.63397576670445,egoa
2013,10200,female,31.06034280388724,315.7011967593603,egoa
2017,10200,female,29.404529767626684,317.5194475509081,egoa
2019,10200,female,48.238347978097515,358.1829675145904,egoa
1999,10200,male,18.07344268244129,530.630624412817,egoa
2003,10200,male,38.62579072225507,481.77157741826784,egoa
2005,10200,male,26.687898901884868,839.5282862206582,egoa
2009,10200,male,30.524398403147885,300.4334677694149,egoa
2011,10200,male,29.920653090941048,501.4441488691328,egoa
2013,10200,male,30.872517061056826,347.4861394683012,egoa
2017,10200,male,37.60343653028339,272.94111055645544,egoa
2019,10200,male,47.94482620182289,348.80521588968406,egoa
1990,10200,total,5.718789086651795,353.9279812199191,egoa
1996,10200,total,22.088619728530126,1062.594384245744,egoa
1999,10200,total,28.010667490076475,960.867939232391,egoa
2003,10200,total,65.86950105291164,655.8227121223998,egoa
2005,10200,total,54.07946917863941,1388.8603414268846,egoa
2007,10200,total,31.048762609630177,346.19006432894776,egoa
2009,10200,total,60.534664691733504,551.561082481489,egoa
2011,10200,total,55.09838492090388,824.8952867244915,egoa
2013,10200,total,56.70141473385498,582.096589854552,egoa
2015,10200,total,12.151558091506791,639.5147616351528,egoa
2017,10200,total,61.87623329718989,511.7829536520021,egoa
2019,10200,total,91.46535099917575,569.2933268237293,egoa
1990,10200,female,43.48850968984509,807.2843835661342,wcgoa
1993,10200,female,39.99994609107943,1750.1256694040162,wcgoa
1996,10200,female,44.03976922119463,1159.715224563333,wcgoa
1999,10200,female,53.21532425683654,848.2941781359946,wcgoa
2001,10200,female,146.32937122167195,891.0091578414284,wcgoa
2003,10200,female,66.82323438479055,1619.3128411747075,wcgoa
2005,10200,female,60.61546843277129,1637.287838522329,wcgoa
2007,10200,female,74.94049293921896,1571.1567306490465,wcgoa
2009,10200,female,62.989187627434966,2011.086091272172,wcgoa
2011,10200,female,49.23214104651608,1363.984895146136,wcgoa
2013,10200,female,53.5451904937464,756.8542547333981,wcgoa
2015,10200,female,47.445891866140386,1426.9395454773976,wcgoa
2017,10200,female,121.61052037786888,829.1971596936469,wcgoa
2019,10200,female,150.15591791652054,1070.351398296347,wcgoa
1990,10200,male,28.59877882213218,362.69753189916065,wcgoa
1993,10200,male,32.96464134024482,686.3553273867798,wcgoa
1996,10200,male,36.30281289000256,634.5976157446814,wcgoa
1999,10200,male,41.148840212454026,652.9052731801722,wcgoa
2001,10200,male,103.0056694762243,591.6236432136099,wcgoa
2003,10200,male,49.98474212395686,1139.75932912127,wcgoa
2005,10200,male,49.53437081137504,925.2297324647076,wcgoa
2007,10200,male,48.65724058880067,1206.4349969045702,wcgoa
2009,10200,male,41.239832992331095,1335.1469684280678,wcgoa
2011,10200,male,38.25385788140633,931.0331326990712,wcgoa
2013,10200,male,27.77143066798453,576.8316105480698,wcgoa
2015,10200,male,33.70476033397557,824.5776872744306,wcgoa
2017,10200,male,67.1652056617845,378.79746436185206,wcgoa
2019,10200,male,79.87651047985987,572.3589409041838,wcgoa
1990,10200,total,76.51258433924882,996.1395976366016,wcgoa
1993,10200,total,67.83340481515008,1733.704929869354,wcgoa
1996,10200,total,78.88649155122403,1510.6646985085968,wcgoa
1999,10200,total,93.71666045916766,1348.850482218803,wcgoa
2001,10200,total,224.27122938582735,1175.6851752680143,wcgoa
2003,10200,total,105.6646808753334,2407.9640887879127,wcgoa
2005,10200,total,106.20623776972889,2212.8956089591616,wcgoa
2007,10200,total,115.1619382643129,2394.185268098326,wcgoa
2009,10200,total,98.3422909855284,2922.3511533432174,wcgoa
2011,10200,total,84.93231973688154,2030.4713907607525,wcgoa
2013,10200,total,65.86480179938731,930.298638444614,wcgoa
2015,10200,total,75.9559384402068,1790.2877951798391,wcgoa
2017,10200,total,165.9442416296666,862.4320833885646,wcgoa
2019,10200,total,206.31011629897785,1347.3735406934388,wcgoa
1991,21720,female,34.116501056555975,216.72865201153303,ai
1991,21740,female,77.83785194939014,460.59178010535067,ai
1991,30060,female,57.33471757865924,201.3551615631038,ai
1994,21720,female,27.592354485648293,118.62794028804512,ai
1994,21740,female,69.52401118010353,319.93618262281785,ai
1994,21921,female,59.504336296392864,117.79773136838608,ai
1994,30060,female,77.48532111615438,258.41552170452144,ai
1994,30420,female,40.172348745821346,46.09961818440026,ai
1997,21720,female,57.533963238345294,395.8926096791174,ai
1997,21740,female,96.09647122076758,487.85024366877263,ai
1997,21921,female,49.58302843821669,132.15614712469477,ai
1997,30060,female,105.87527222168625,387.9578041707268,ai
1997,30420,female,48.55778874552393,114.42443672278765,ai
2000,21720,female,125.69365610510803,475.2853791449857,ai
2000,21740,female,72.60705516409098,231.9303092659741,ai
2000,21921,female,37.7948530374503,120.5282025654804,ai
2000,30060,female,144.7876344373274,272.8863905312332,ai
2000,30420,female,73.82919606919516,172.1580095279871,ai
2002,21720,female,124.42023298153924,512.3955438953905,ai
2002,21740,female,140.88592754782502,420.1445271995203,ai
2002,21921,female,70.43933804114013,263.8936481015805,ai
2002,30060,female,44.58735612104283,247.79095671511757,ai
2002,30420,female,40.24852255470876,245.24873358410895,ai
2004,21720,female,112.12302628068116,615.5524610807358,ai
2004,21740,female,74.05094439358793,201.83704793900145,ai
2004,21921,female,94.38875497992544,542.6652810420493,ai
2004,30060,female,184.07727846965088,544.0625911041321,ai
2004,30420,female,90.41690617538652,342.3298853432715,ai
2006,21720,female,77.03975865151207,364.69088105446355,ai
2006,21740,female,87.61868457725974,263.9588829266091,ai
2006,21921,female,61.11066079367731,166.63614274657272,ai
2006,30060,female,82.64164160163875,464.0893266561741,ai
2006,30420,female,104.6237348155054,223.53833076021772,ai
2010,10110,female,98.77771698031516,650.462965077361,ai
2010,10112,female,68.05994697381509,236.3277471213693,ai
2010,21720,female,95.50617156465792,518.3565450181771,ai
2010,21740,female,27.68512124760044,148.28872714822973,ai
2010,21921,female,56.430839195256375,117.57181650143792,ai
2010,30060,female,162.33330298710112,543.4871145871105,ai
2010,30420,female,69.6036835411875,259.3452073183895,ai
2012,10110,female,84.7259104055517,474.65319343511254,ai
2012,21720,female,81.98629290225595,413.89772855243154,ai
2012,21740,female,52.41171294765349,173.10169639802385,ai
2012,21921,female,55.209229202806426,199.0321146741883,ai
2012,30060,female,158.6411781046654,441.4928940253807,ai
2012,30420,female,80.57112029739372,104.76779272209065,ai
2014,10110,female,72.49378556768542,845.6359308478701,ai
2014,21720,female,99.872958657591,604.0055892522436,ai
2014,21740,female,9.162666067325285,44.00060499267722,ai
2014,21921,female,56.957982222882904,156.11922342234158,ai
2014,30060,female,136.77465211841678,226.29740434419813,ai
2014,30420,female,78.91140623358366,224.1870461896182,ai
2016,10110,female,136.1785521788138,796.0473373195548,ai
2016,10112,female,67.49493610312516,239.13369759719157,ai
2016,21720,female,100.4848992422125,710.4569885553664,ai
2016,21740,female,47.10280580063785,128.3003291798623,ai
2016,21921,female,26.992783983536548,80.2218679973468,ai
2016,30060,female,196.1772652141981,796.4011910246722,ai
2016,30420,female,146.2097839565694,252.30779283617915,ai
2018,10110,female,130.6167173163076,1007.7396372889076,ai
2018,10112,female,83.36630261859759,226.7511625633868,ai
2018,21720,female,121.94189776823544,671.1893686292997,ai
2018,21740,female,106.2042297676351,318.5303168854638,ai
2018,21921,female,84.407593081733,102.14667148456802,ai
2018,30060,female,162.92618589258987,559.3397640551125,ai
2018,30420,female,149.6085391001408,274.3776282940205,ai
1991,21720,male,43.84168322420161,235.47896455448543,ai
1991,21740,male,83.7236119220517,348.1025509382101,ai
1991,21921,male,8.706073178612778,190.10041705409097,ai
1991,30060,male,63.98480200346962,266.70080496134267,ai
1991,30420,male,24.90906239094814,84.39748251322334,ai
1994,21720,male,21.25362815234342,116.68321377547122,ai
1994,21740,male,49.322022523355294,208.1063865557198,ai
1994,21921,male,42.198712855137096,110.46180451738272,ai
1994,30060,male,86.95322431591373,308.319260553576,ai
1994,30420,male,51.47066758443644,51.32365251139125,ai
1997,21720,male,54.67871138806223,425.3777430745546,ai
1997,21740,male,90.13233064068407,408.3474399655839,ai
1997,21921,male,41.286072338511374,119.13426227276857,ai
1997,30060,male,92.98061841010612,409.5926346967796,ai
1997,30420,male,60.31603982668225,133.00968422853265,ai
2000,21720,male,99.94878852467188,489.8659807732994,ai
2000,21740,male,54.89655198226547,196.3787812187487,ai
2000,21921,male,22.402654559293847,69.95578265499952,ai
2000,30060,male,114.56590371948528,335.7655739670705,ai
2000,30420,male,67.40482071762665,156.4641598016448,ai
2002,21720,male,145.69031850956233,537.265524116607,ai
2002,21740,male,117.11431790596914,339.207578123788,ai
2002,21921,male,85.99251052300201,263.64939799308814,ai
2002,30060,male,50.319584693751665,269.40671065916496,ai
2002,30420,male,28.825750335178977,191.41383360835297,ai
2004,21720,male,109.572098278199,604.033910827599,ai
2004,21740,male,52.929740725609946,170.67550794081026,ai
2004,21921,male,102.02012550814575,472.46307078367926,ai
2004,30060,male,145.86925064656714,647.2051807726322,ai
2004,30420,male,77.65363387416599,214.262552578296,ai
2006,21720,male,79.93933873084178,361.1011433635929,ai
2006,21740,male,69.18135931048097,198.27501503633937,ai
2006,21921,male,56.31597594519741,142.6752720196453,ai
2006,30060,male,64.67249976444522,577.5286131936521,ai
2006,30420,male,81.04665412987816,196.87626144290664,ai
2010,10110,male,45.78902716133545,244.7686326656103,ai
2010,10112,male,42.594098745892744,156.1716803931537,ai
2010,21720,male,106.25812820912492,586.6531869225964,ai
2010,21740,male,24.694663076772592,120.80722264165529,ai
2010,21921,male,58.263332749410864,145.59335209812377,ai
2010,30060,male,133.47698593281962,767.9330210614266,ai
2010,30420,male,78.20905494837028,256.1394312182351,ai
2012,10110,male,41.56218062343369,192.56951342603344,ai
2012,21720,male,82.39436646729561,447.7559203671094,ai
2012,21740,male,29.913854082603475,109.52379187652288,ai
2012,21921,male,47.4434535558299,170.90249492899284,ai
2012,30060,male,117.33585475135328,678.3464719576393,ai
2012,30420,male,68.82390946290009,66.11785322224199,ai
2014,10110,male,45.09459487041283,474.7736315475635,ai
2014,21720,male,101.39842442953696,661.2046741500752,ai
2014,21740,male,9.221566349069908,59.269923642108296,ai
2014,21921,male,44.92044442694617,151.66550186329056,ai
2014,30060,male,138.64553044329972,288.3485769657263,ai
2014,30420,male,70.09731065395754,157.38740895842474,ai
2016,10110,male,49.721485796450246,264.49904211635254,ai
2016,10112,male,54.87602579010437,252.9658752722559,ai
2016,21720,male,108.4957649666442,796.7265607577791,ai
2016,21740,male,18.899214788856376,68.98253601932794,ai
2016,21921,male,34.77314034289592,78.4480591163917,ai
2016,30060,male,258.020630259364,873.3534090061514,ai
2016,30420,male,69.07558396464965,202.30061298382608,ai
2018,10110,male,93.3408200795054,466.4610914900773,ai
2018,10112,male,72.43564857605988,215.7593988562598,ai
2018,21720,male,124.80613753430605,577.2875344130055,ai
2018,21740,male,60.028971201956736,177.406422521149,ai
2018,21921,male,91.03396480170214,125.71468520926436,ai
2018,30060,male,225.43934825253203,938.4083166024368,ai
2018,30420,male,85.55652314684627,304.8335991593209,ai
1991,21720,total,43.31557321393049,326.4325258813883,ai
1991,21740,total,113.48397056025809,490.7005404044776,ai
1991,21921,total,14.305705444615448,254.40870632202493,ai
1991,30060,total,91.262100571813,286.33325310571263,ai
1991,30420,total,56.590374532051115,108.0839107403286,ai
1994,21720,total,25.40194761209024,133.94006957611913,ai
1994,21740,total,70.6642763048565,278.59706816205477,ai
1994,21921,total,73.94646976152593,146.72210430080384,ai
1994,30060,total,138.54794672596788,399.77459971033113,ai
1994,30420,total,71.7580443261035,72.2666899467225,ai
1997,21720,total,66.23689266866435,530.7275258770293,ai
1997,21740,total,153.0774573326375,680.9594580866922,ai
1997,21921,total,66.65079875941221,153.40313297001737,ai
1997,30060,total,171.02056080716238,518.122545770666,ai
1997,30420,total,88.56465895569927,160.86202030551192,ai
2000,21720,total,154.50786826743354,724.8690316793492,ai
2000,21740,total,78.77716425279736,261.84421509320504,ai
2000,21921,total,32.62072376877393,93.26507698426822,ai
2000,30060,total,209.94581572404832,442.6239661834104,ai
2000,30420,total,127.82094962774104,228.4561969741802,ai
2002,21720,total,168.96513983882065,807.8587245273889,ai
2002,21740,total,188.28289809112692,520.9184320414568,ai
2002,21921,total,99.1889543184584,305.7469651886937,ai
2002,30060,total,86.41380545178771,331.35508030563517,ai
2002,30420,total,65.27427561811085,270.62388197008806,ai
2004,21720,total,164.4140388623317,1020.9635537295956,ai
2004,21740,total,92.62808388433932,283.1748921749821,ai
2004,21921,total,158.17085686672272,657.2810129470413,ai
2004,30060,total,287.1051835674193,891.1232615168242,ai
2004,30420,total,150.37294579439396,388.59978854483205,ai
2006,21720,total,103.0301489070989,535.6027029059061,ai
2006,21740,total,116.06045149082374,264.71970537791327,ai
2006,21921,total,105.52570540196292,194.30085539279693,ai
2006,30060,total,133.19174225628984,687.1949183678059,ai
2006,30420,total,177.50883910593498,255.85462137765248,ai
2010,10110,total,100.05328583554488,533.8291565950246,ai
2010,10112,total,70.64587085999767,250.5271284814812,ai
2010,21720,total,163.12423501825535,878.0663879794043,ai
2010,21740,total,30.817513709292967,148.50526043398474,ai
2010,21921,total,78.16682552264642,165.4112483384429,ai
2010,30060,total,259.84128132495573,1063.8884945674463,ai
2010,30420,total,113.66439300557882,311.9312017624458,ai
2012,10110,total,95.5418258812742,410.9882311912187,ai
2012,21720,total,120.7652789381055,723.6080265489534,ai
2012,21740,total,46.61592878735596,150.65801149775206,ai
2012,21921,total,81.72401791494103,230.9840131997798,ai
2012,30060,total,237.26007256974265,909.018572483438,ai
2012,30420,total,131.32131666078507,106.23158449226268,ai
2014,10110,total,112.81664406676678,1071.4714298191052,ai
2014,21720,total,153.03023587722058,1071.2509806683163,ai
2014,21740,total,9.5706519043306,54.492211133973406,ai
2014,21921,total,73.67010399203171,189.5470126032114,ai
2014,30060,total,219.56381169734507,338.43054217030857,ai
2014,30420,total,134.22781588874554,272.563562321415,ai
2016,10110,total,130.04321373247828,646.0719310209467,ai
2016,10112,total,87.51446236049516,404.8178023553737,ai
2016,21720,total,149.37009806798395,1161.3282853534924,ai
2016,21740,total,32.08376352542333,110.67072541162555,ai
2016,21921,total,42.36688909154721,96.82202238520746,ai
2016,30060,total,420.83200238230177,1165.883461286621,ai
2016,30420,total,209.81752982677915,278.20481487401577,ai
2018,10110,total,195.17037901226175,1191.330016898783,ai
2018,10112,total,112.74793372454212,310.7678999863459,ai
2018,21720,total,200.8062104199536,1019.2410237000116,ai
2018,21740,total,100.40232497504964,332.3789266439758,ai
2018,21921,total,116.88466050803274,143.3536285566725,ai
2018,30060,total,372.4590375318592,1242.826081221528,ai
2018,30420,total,234.9278665513636,380.20231275384975,ai
1991,3005012,female,45.837851407624285,70.42067080908062,ai
1994,3005012,female,57.9125201692568,289.53796705014923,ai
1997,3005012,female,77.31199939805276,153.83338334239278,ai
2000,3005012,female,76.38971171720111,210.51710739081972,ai
2002,3005012,female,51.861641395439,78.59400549068667,ai
2004,3005012,female,70.11148261619228,230.33689782331535,ai
2006,3005012,female,53.65104071272943,169.21326197867208,ai
2010,3005012,female,59.47870636187699,102.42842492258632,ai
2012,3005012,female,62.539845692342226,108.27694978999698,ai
2014,3005012,female,66.5597839403356,123.4261068750214,ai
2016,3005012,female,53.52021307741644,136.29623714214446,ai
2018,3005012,female,48.82964701602352,108.05663170192577,ai
1991,3005012,male,36.567529743955824,88.84648125600573,ai
1994,3005012,male,53.76669592608836,263.54773064233103,ai
1997,3005012,male,71.39299069378619,147.76514674726798,ai
2000,3005012,male,75.50886150124607,228.98827848771657,ai
2002,3005012,male,45.55633000228042,57.030957454803186,ai
2004,3005012,male,72.94915815673819,205.31083684989812,ai
2006,3005012,male,50.7585341460784,171.67408338718027,ai
2010,3005012,male,61.02882142137308,103.68405090018292,ai
2012,3005012,male,66.77010640391774,118.69336650740702,ai
2014,3005012,male,69.43205522007155,134.96385625121107,ai
2016,3005012,male,57.63472979810453,141.8757132484081,ai
2018,3005012,male,46.92865402054855,115.82681894440306,ai
1991,3005012,total,74.2978011744397,131.81789390887866,ai
1994,3005012,total,110.35934093609691,490.9996593393222,ai
1997,3005012,total,145.18026441550813,259.74658529321016,ai
2000,3005012,total,146.99940904689907,386.5739171897904,ai
2002,3005012,total,91.69035625233649,127.3285137833359,ai
2004,3005012,total,138.96133917316502,378.66482680810896,ai
2006,3005012,total,100.1137253870922,278.9218664277907,ai
2010,3005012,total,111.6489960670912,172.86331065858403,ai
2012,3005012,total,118.78797840350194,168.82989944201103,ai
2014,3005012,total,127.01113771703024,208.6385447664478,ai
2016,3005012,total,110.27881588607586,251.8613400987331,ai
2018,3005012,total,88.84499626237354,181.11588653625705,ai
1982,10110,female,39.889550149201874,435.5572602243005,bs_shelf
1982,10115,female,29.46263252476154,158.6071929627595,bs_shelf
1982,10130,female,68.32213711096924,975.23370057737,bs_shelf
1982,10210,female,153.4597763270951,2199.806079673699,bs_shelf
1982,10285,female,70.1988384485889,1590.937757357956,bs_shelf
1982,21740,female,155.65183328553002,1010.4610755077972,bs_shelf
1983,10210,female,116.047764393761,3386.472721362149,bs_shelf
1983,21740,female,195.39920654746072,1621.9560843695813,bs_shelf
1984,10210,female,138.64929626702693,3339.3405660756375,bs_shelf
1984,21720,female,35.984867019315075,1544.0148621593978,bs_shelf
1984,21740,female,195.43453097354683,1440.2165604447127,bs_shelf
1985,10130,female,92.6613832287913,1272.4160409145422,bs_shelf
1985,10210,female,123.2816659591285,1517.1579856808685,bs_shelf
1985,21740,female,115.539953419137,562.26179426993,bs_shelf
1986,10210,female,157.72971061708407,2357.093368465664,bs_shelf
1986,21740,female,150.36681424474068,1292.205806809792,bs_shelf
1987,10210,female,110.44036140770504,1860.4624493080423,bs_shelf
1987,21740,female,156.9137232923021,1159.7021794575303,bs_shelf
1988,10210,female,100.56050371168996,1438.0476813130588,bs_shelf
1988,10285,female,35.65174882587804,516.6974055647479,bs_shelf
1988,21720,female,118.90073181674391,854.6140034231582,bs_shelf
1988,21740,female,113.70451423652928,1747.5719766027248,bs_shelf
1989,10210,female,167.8584960040267,1967.084716608722,bs_shelf
1989,21720,female,118.7159439619844,640.922389855094,bs_shelf
1989,21740,female,164.34377185597117,1313.0174706476664,bs_shelf
1990,10210,female,161.12284212811394,1955.248007699998,bs_shelf
1990,21720,female,99.04293309695124,658.8326587072095,bs_shelf
1990,21740,female,173.23892735396305,1217.4434380446655,bs_shelf
1991,10210,female,162.04947628155438,2843.642607477481,bs_shelf
1991,21720,female,96.75781917488771,953.362467549511,bs_shelf
1991,21740,female,93.6911259895084,544.5347838840158,bs_shelf
1992,10130,female,78.67546219346875,915.5767723338656,bs_shelf
1992,10210,female,129.60241734836455,1175.7450195479223,bs_shelf
1992,10285,female,71.17097872649268,976.8427158016096,bs_shelf
1992,21720,female,142.59363710730736,729.9987898391792,bs_shelf
1992,21740,female,102.28388566555978,724.4985744384882,bs_shelf
1993,10110,female,35.34137492190233,1316.417631910212,bs_shelf
1993,10130,female,20.069838183507645,1583.7545385481892,bs_shelf
1993,10210,female,101.95567761708296,1620.5715130287992,bs_shelf
1993,10285,female,32.886911457951854,1106.1997648280922,bs_shelf
1993,21720,female,101.45066082052573,702.5374258351077,bs_shelf
1993,21740,female,168.69622703461306,1756.9751349657977,bs_shelf
1994,10130,female,67.46769134090708,1524.8223314999036,bs_shelf
1994,10210,female,98.80831388879596,1836.8636826463653,bs_shelf
1994,21720,female,130.9954521377646,754.4561719771399,bs_shelf
1994,21740,female,135.36565106696807,1122.636259986408,bs_shelf
1995,10130,female,67.67070887876514,1189.719585984136,bs_shelf
1995,10210,female,146.55547259412057,1465.0922080298858,bs_shelf
1995,10285,female,72.75645409378413,1193.2320051135998,bs_shelf
1995,21720,female,111.20904875705104,1193.8305343557706,bs_shelf
1995,21740,female,127.65864243684672,589.0149600159008,bs_shelf
1996,10110,female,46.59023400579272,1557.9018504824187,bs_shelf
1996,10210,female,155.1377729646928,1592.8896920205846,bs_shelf
1996,10261,female,123.67407939398966,2168.5095301923157,bs_shelf
1996,21720,female,101.27003973861623,797.3395008684824,bs_shelf
1996,21740,female,178.65246609731557,714.3580592631364,bs_shelf
1997,10210,female,86.72920007839801,1950.8125120692916,bs_shelf
1997,10261,female,80.60679305949986,1879.658304716609,bs_shelf
1997,21720,female,94.78656666705376,831.4286522859325,bs_shelf
1997,21740,female,119.952957742754,686.7972546861621,bs_shelf
1998,10110,female,76.04282672685362,1180.7384947758485,bs_shelf
1998,10115,female,15.143381142510735,102.85890628400249,bs_shelf
1998,10210,female,132.9723520109302,2355.407696909957,bs_shelf
1998,10261,female,79.04437861757671,2987.0402997545557,bs_shelf
1998,10285,female,76.23877639899587,1114.3874933622417,bs_shelf
1998,21720,female,110.13418932572776,1301.280895930646,bs_shelf
1998,21740,female,166.65633486136983,1093.28729013109,bs_shelf
1999,10130,female,76.07180267326638,1548.7692481540937,bs_shelf
1999,10210,female,181.61054144177817,2569.206153087426,bs_shelf
1999,10261,female,96.5888130656773,2360.65914128488,bs_shelf
1999,21720,female,183.8863968713634,1260.3849875528824,bs_shelf
1999,21740,female,173.83158909151484,1227.5359063931062,bs_shelf
2000,10130,female,86.55743526249054,1640.074671827848,bs_shelf
2000,10210,female,103.99345627403096,2018.708389591868,bs_shelf
2000,10261,female,71.39412429416022,592.0013667925963,bs_shelf
2000,10285,female,86.41894190292845,980.3684109601152,bs_shelf
2000,21720,female,116.81155946459654,984.9492227850905,bs_shelf
2000,21740,female,142.54492612940766,963.318730877474,bs_shelf
2001,10130,female,105.26458391229392,1207.0609193883065,bs_shelf
2001,10210,female,123.55734558371016,2023.978842935916,bs_shelf
2001,10261,female,94.53696826452972,1205.0777121091303,bs_shelf
2001,10285,female,77.87261051387043,1196.5084808036854,bs_shelf
2001,21720,female,161.67337600016788,1406.4315315975236,bs_shelf
2001,21740,female,206.55562569523713,1723.5138742554068,bs_shelf
2002,10130,female,100.02094267522428,676.3127234187937,bs_shelf
2002,10210,female,172.00082973460513,2015.405618998151,bs_shelf
2002,10261,female,107.43886462466742,1393.5181806457213,bs_shelf
2002,10285,female,82.14715502546105,876.3310097713588,bs_shelf
2002,21720,female,217.06635712626252,1262.5440923876852,bs_shelf
2002,21740,female,210.06098017424745,1725.9540832016432,bs_shelf
2003,10115,female,70.79619214643921,145.78488135420335,bs_shelf
2003,10130,female,51.94366459272585,1095.155530908699,bs_shelf
2003,10210,female,160.80818105617178,1249.180204516445,bs_shelf
2003,10261,female,121.1229367310047,1356.6336374166,bs_shelf
2003,21720,female,177.50922351378406,541.6590145195892,bs_shelf
2003,21740,female,169.672448122116,1056.8684543219056,bs_shelf
2004,10110,female,164.9957523129519,2197.1778921352957,bs_shelf
2004,10115,female,44.93874978591502,114.39071449359336,bs_shelf
2004,10130,female,85.98623111678721,1530.453705537078,bs_shelf
2004,10210,female,158.6543489658006,1915.4861531944953,bs_shelf
2004,10261,female,69.02361180875086,1284.39131231651,bs_shelf
2004,21720,female,211.9765676126995,1227.5881284027844,bs_shelf
2004,21740,female,182.84290015808736,1739.1708796292708,bs_shelf
2005,10115,female,46.38782999084512,96.05570197309672,bs_shelf
2005,10130,female,99.1107519567591,1544.133198184805,bs_shelf
2005,10210,female,150.95622458325968,1379.1283962920122,bs_shelf
2005,10261,female,111.89384196340283,1279.3145801562769,bs_shelf
2005,10285,female,87.85461509824562,1040.940372919471,bs_shelf
2005,21720,female,159.4764689297528,789.1049006596645,bs_shelf
2005,21740,female,125.97907825523664,1291.155219782939,bs_shelf
2006,10115,female,39.59140452726925,111.29447247160893,bs_shelf
2006,10130,female,117.4081098185536,1667.4449400084195,bs_shelf
2006,10210,female,98.07347020888274,2578.491940493296,bs_shelf
2006,10261,female,117.24081614632172,1558.920203153525,bs_shelf
2006,10285,female,63.89555571388601,962.5279567341116,bs_shelf
2006,21720,female,376.25964397008215,1531.669212804752,bs_shelf
2006,21740,female,210.80222751013076,1314.317239519651,bs_shelf
2007,10115,female,44.31515677648019,90.2300858692867,bs_shelf
2007,10130,female,121.38061701178792,1325.3713839177055,bs_shelf
2007,10210,female,190.97182958688364,1776.2217964621846,bs_shelf
2007,10261,female,104.58238782211832,1008.8044377539992,bs_shelf
2007,10285,female,90.79336031638928,1097.9442653050044,bs_shelf
2007,21720,female,101.97771827921338,246.73655092371095,bs_shelf
2007,21740,female,120.96456499940987,989.170118395258,bs_shelf
2008,10115,female,25.051088070805047,51.10801198662584,bs_shelf
2008,10130,female,96.58711099434876,1157.6166976993495,bs_shelf
2008,10210,female,201.77481639746568,1235.592649615895,bs_shelf
2008,10261,female,91.40286243205696,790.9848073626239,bs_shelf
2008,10285,female,81.01208049728169,1272.0396353079916,bs_shelf
2008,21720,female,201.13894687502108,1217.7515591120782,bs_shelf
2008,21740,female,160.57191515406515,1188.9808256641377,bs_shelf
2009,10115,female,44.790238582908614,74.94663410481755,bs_shelf
2009,10130,female,128.0510488696169,1515.616920715885,bs_shelf
2009,10210,female,184.47450502678987,1191.0377297656082,bs_shelf
2009,10261,female,176.4841899242645,1354.0908249590182,bs_shelf
2009,10285,female,138.46352763161832,1430.1767910976273,bs_shelf
2009,21720,female,353.0766032652899,1602.7428086769266,bs_shelf
2009,21740,female,108.18711737301132,987.870787318814,bs_shelf
2010,10110,female,136.70442177864078,1905.3013555583293,bs_shelf
2010,10115,female,52.391719689463734,186.5071234130432,bs_shelf
2010,10130,female,135.12282415462877,964.0898426535496,bs_shelf
2010,10210,female,202.49965212691976,1290.04520107426,bs_shelf
2010,10261,female,125.42418268907612,1077.1480937663655,bs_shelf
2010,10285,female,107.85560698052768,1054.7628332690435,bs_shelf
2010,21720,female,143.4219883936136,872.9570904252797,bs_shelf
2010,21740,female,174.3005661148239,984.5081673133628,bs_shelf
2011,10115,female,106.67767097996304,570.5976347819163,bs_shelf
2011,10130,female,123.9712407116528,662.6290518477605,bs_shelf
2011,10210,female,162.56620231665056,972.4419630285076,bs_shelf
2011,10261,female,76.64896296934612,1063.1518512328655,bs_shelf
2011,10285,female,120.93050457039888,853.2444257186345,bs_shelf
2011,21720,female,168.03971983982083,1191.4374821614335,bs_shelf
2011,21740,female,230.97677957318317,1383.11145512053,bs_shelf
2012,10110,female,188.46642155845015,1346.8213037946225,bs_shelf
2012,10115,female,79.69005682965695,334.4555975378263,bs_shelf
2012,10130,female,109.16378401817356,928.4233369284444,bs_shelf
2012,10210,female,214.25467551695772,1503.5035541189982,bs_shelf
2012,10261,female,67.23196880262999,959.8299516606032,bs_shelf
2012,10285,female,98.8815643777955,825.5860969686612,bs_shelf
2012,21720,female,157.99922360239236,852.6901928307808,bs_shelf
2012,21740,female,242.6655429913181,1114.661055477124,bs_shelf
2013,10115,female,56.64682608665049,185.8446493194321,bs_shelf
2013,10130,female,118.18353121469848,590.5367967672669,bs_shelf
2013,10210,female,203.7120574764249,1640.7497209219907,bs_shelf
2013,10261,female,88.03849430625652,1447.258649557875,bs_shelf
2013,10285,female,117.71898416921556,759.4230680920056,bs_shelf
2013,21720,female,116.4640461387652,690.7234405343487,bs_shelf
2013,21740,female,249.8549791138496,2050.532339764041,bs_shelf
2014,10110,female,103.78844619631592,1551.6264438189,bs_shelf
2014,10115,female,52.9900741660858,175.94041480399085,bs_shelf
2014,10130,female,144.05217050439418,756.7091896189406,bs_shelf
2014,10210,female,174.39572287562848,1384.1611521364905,bs_shelf
2014,10261,female,55.669649440375466,1196.984569908978,bs_shelf
2014,10285,female,121.39201692055528,872.711321164327,bs_shelf
2014,21720,female,131.03216087768777,803.0381578601828,bs_shelf
2014,21740,female,282.53531287084405,1971.0652595489796,bs_shelf
2015,10110,female,175.1169058117874,2159.4485072922253,bs_shelf
2015,10115,female,60.22839996512535,165.75920572202818,bs_shelf
2015,10130,female,177.0220992028936,1219.5329642162262,bs_shelf
2015,10210,female,174.5715014495516,1316.7787115737522,bs_shelf
2015,10261,female,74.44829089543036,1184.471575700196,bs_shelf
2015,21720,female,284.8893069929873,1401.182044821641,bs_shelf
2015,21740,female,362.4803012971389,2762.4730317468116,bs_shelf
2016,10110,female,334.86567677112276,2707.1397339787054,bs_shelf
2016,10112,female,102.94992885818768,496.2814314264573,bs_shelf
2016,10115,female,50.538840917639206,134.71434200240077,bs_shelf
2016,10130,female,183.83462213323665,1724.0927178911052,bs_shelf
2016,10210,female,191.2340199846336,2874.306068464357,bs_shelf
2016,10261,female,82.99940977428476,1320.0269147686106,bs_shelf
2016,10285,female,106.87651010594725,980.297092308875,bs_shelf
2016,21720,female,341.84237288349937,1770.179637918969,bs_shelf
2016,21740,female,318.98504847359015,1731.4012092676608,bs_shelf
2017,10110,female,172.38881073623824,2125.5042404251813,bs_shelf
2017,10112,female,112.51772967081982,448.670586531002,bs_shelf
2017,10115,female,38.52581166734684,115.27890956165147,bs_shelf
2017,10130,female,160.3436091883103,1869.5992568216457,bs_shelf
2017,10210,female,162.19162138405696,1045.016523189118,bs_shelf
2017,10261,female,133.63293726083236,1461.8658995390051,bs_shelf
2017,10285,female,130.35019585117928,942.7288334228582,bs_shelf
2017,21720,female,304.51885126975907,1667.4964881059757,bs_shelf
2017,21740,female,316.49687331707537,2678.344518576104,bs_shelf
2018,10110,female,333.20502244549664,1538.316242284914,bs_shelf
2018,10112,female,122.6531561182847,402.5061615180677,bs_shelf
2018,10115,female,38.399707893410486,87.50267568614643,bs_shelf
2018,10130,female,180.66855668431097,1541.544133013923,bs_shelf
2018,10210,female,199.6936869491876,2753.3301905412286,bs_shelf
2018,10261,female,124.63665408467509,986.2778870865272,bs_shelf
2018,10285,female,100.7515283541846,1460.3979812459322,bs_shelf
2018,21720,female,256.7296295117104,1694.4601102357854,bs_shelf
2018,21740,female,180.18142650516657,996.9249667390644,bs_shelf
2019,10110,female,260.60012978007774,2366.138895828102,bs_shelf
2019,10112,female,106.15044165109582,350.20479024568425,bs_shelf
2019,10115,female,26.765617760912352,63.242039975621395,bs_shelf
2019,10130,female,180.77444866637947,1560.8496367539478,bs_shelf
2019,10210,female,196.1771511480729,1801.3069359939363,bs_shelf
2019,10261,female,116.05353880059266,1431.8237770366168,bs_shelf
2019,10285,female,126.7502877759012,1174.1159087015646,bs_shelf
2019,21720,female,232.14555615069852,1038.1217166166343,bs_shelf
2019,21740,female,347.53327584394117,3191.257609194752,bs_shelf
2021,10110,female,227.37604089806433,1990.4608946536205,bs_shelf
2021,10112,female,99.53412980365826,306.5999537506508,bs_shelf
2021,10115,female,26.780869814497837,43.195099269160366,bs_shelf
2021,10130,female,206.56355628595333,1294.6461151300591,bs_shelf
2021,10210,female,139.07230911821992,1074.7845813188865,bs_shelf
2021,10261,female,140.63306606440253,1394.4644545374886,bs_shelf
2021,21720,female,284.9566455405843,1305.136135090706,bs_shelf
2021,21740,female,231.74504537529515,1629.1633758337375,bs_shelf
2022,21740,female,271.02947197087013,1569.648119078758,bs_shelf
1994,10110,female,28.361117352130467,1019.0499430763972,bs_shelf
1982,10110,male,39.11583840664148,344.59036391657696,bs_shelf
1982,10115,male,26.25308323365428,78.48343722149636,bs_shelf
1982,10130,male,75.3170489652343,1067.6396992560465,bs_shelf
1982,10210,male,96.97053924981772,1428.2113035407206,bs_shelf
1982,10285,male,24.309661654499827,1506.6868753280903,bs_shelf
1982,21740,male,133.0260429903482,952.1195060707516,bs_shelf
1983,10210,male,83.87060732462682,2285.212288802015,bs_shelf
1983,21740,male,177.10229058106785,1382.4011482928593,bs_shelf
1984,10210,male,91.51727330630312,1950.724782855401,bs_shelf
1984,21720,male,63.83027618760508,1623.717246054479,bs_shelf
1984,21740,male,171.32786685625751,1279.8845560140437,bs_shelf
1985,10130,male,90.2133099533617,1264.170709797934,bs_shelf
1985,10210,male,96.57691516537956,932.0527042710816,bs_shelf
1985,21740,male,127.90985281976512,498.7532135138234,bs_shelf
1986,10210,male,110.96642631795478,1014.5304864645914,bs_shelf
1986,21740,male,108.52896217571625,974.1292198971856,bs_shelf
1987,10210,male,87.80469669153864,984.2925842106146,bs_shelf
1987,21740,male,131.6808665019179,1052.6519062507712,bs_shelf
1988,10210,male,72.57539596108678,868.4822330431339,bs_shelf
1988,10285,male,21.954651416471624,530.9755551676899,bs_shelf
1988,21720,male,132.51765559756484,853.7798888198765,bs_shelf
1988,21740,male,117.35885454469876,1261.4076552098916,bs_shelf
1989,10210,male,109.00071537177914,1210.363292909106,bs_shelf
1989,21720,male,125.59266258369676,619.7634643827396,bs_shelf
1989,21740,male,151.73827140340785,1477.1332824599026,bs_shelf
1990,10210,male,147.73966327056615,1324.5506183840218,bs_shelf
1990,21720,male,129.65476955867044,634.054133693698,bs_shelf
1990,21740,male,154.64583383815616,1054.641925004866,bs_shelf
1991,10210,male,161.0440156543831,1802.867193971854,bs_shelf
1991,21720,male,105.1397686172028,929.1172173782548,bs_shelf
1991,21740,male,93.98585777465225,625.140779176654,bs_shelf
1992,10130,male,50.45103910838075,629.1962459386314,bs_shelf
1992,10210,male,80.69004394539309,779.6900892003076,bs_shelf
1992,10285,male,38.20706131056581,594.9920202962973,bs_shelf
1992,21720,male,114.24522100685336,765.1517395446122,bs_shelf
1992,21740,male,99.93806795261736,675.463265985286,bs_shelf
1993,10130,male,13.614327299863673,1305.0061683725935,bs_shelf
1993,10210,male,69.77484506891327,1112.3919972508268,bs_shelf
1993,10285,male,22.298690064977578,977.98768986936,bs_shelf
1993,21720,male,83.09577011222092,633.2641023130718,bs_shelf
1993,21740,male,137.60179423899865,1628.487860162708,bs_shelf
1994,10130,male,58.26491112640414,1200.7393261081172,bs_shelf
1994,10210,male,91.36626438804096,1346.9331115943398,bs_shelf
1994,10285,male,35.76009746706202,914.4397418580296,bs_shelf
1994,21720,male,124.94219117714212,839.1394742777901,bs_shelf
1994,21740,male,160.95639769680795,1148.6686764384062,bs_shelf
1995,10130,male,67.93880229202755,1134.8787115007672,bs_shelf
1995,10210,male,105.5079412153581,951.543033933937,bs_shelf
1995,10285,male,39.19926065624455,952.751215092325,bs_shelf
1995,21720,male,130.09984271454778,1148.8598924470018,bs_shelf
1995,21740,male,108.64990187860462,345.7787131338483,bs_shelf
1996,10110,male,21.499578970036634,612.590606022919,bs_shelf
1996,10210,male,144.24214603544,1023.1806823980568,bs_shelf
1996,10261,male,88.77725657303591,2167.167633293577,bs_shelf
1996,21720,male,130.31787179402755,877.62683579475,bs_shelf
1996,21740,male,147.44694607332897,1146.452789451373,bs_shelf
1997,10210,male,86.58439073013815,1444.5243553346008,bs_shelf
1997,10261,male,41.01032805418067,1770.831797801564,bs_shelf
1997,21720,male,127.7818232932228,840.5789812581694,bs_shelf
1997,21740,male,84.8953258081499,718.7527756816293,bs_shelf
1998,10115,male,14.412139828121727,86.34739480437506,bs_shelf
1998,10210,male,105.38246503406504,1754.8568756717973,bs_shelf
1998,10261,male,51.11171761311064,2974.4832536333665,bs_shelf
1998,10285,male,55.58293788477413,1108.5058744901737,bs_shelf
1998,21720,male,107.80411911828593,1325.7182853724687,bs_shelf
1998,21740,male,141.679707875801,1146.3296397585027,bs_shelf
1999,10130,male,64.13132645535137,1384.125777828818,bs_shelf
1999,10210,male,160.63900263992352,1730.8804248861768,bs_shelf
1999,10261,male,55.75768717643429,1351.7528278666528,bs_shelf
1999,21720,male,151.43426753440784,1347.4172938063318,bs_shelf
1999,21740,male,151.7930476568214,1127.5185009142735,bs_shelf
2000,10130,male,62.8228254909473,1386.1781424757764,bs_shelf
2000,10210,male,77.53955163001572,1546.5615968076513,bs_shelf
2000,10261,male,55.11953164030164,1761.091600684712,bs_shelf
2000,10285,male,37.81557116605503,563.9146849602577,bs_shelf
2000,21720,male,135.18902260997558,1168.562174008454,bs_shelf
2000,21740,male,155.59098370605102,935.8755417878788,bs_shelf
2001,10130,male,84.67801021234864,1127.454458247308,bs_shelf
2001,10210,male,93.84170825467316,1293.65579966083,bs_shelf
2001,10261,male,58.09194601822016,1523.6338983957808,bs_shelf
2001,10285,male,45.6836044707382,834.0173275143306,bs_shelf
2001,21720,male,239.4974476361102,1530.4290845691728,bs_shelf
2001,21740,male,200.09877613327325,1589.4337543765052,bs_shelf
2002,10130,male,58.07939455161283,980.098109992678,bs_shelf
2002,10210,male,117.73554762452666,1511.284296972059,bs_shelf
2002,10261,male,60.47886469868397,1300.5314289900352,bs_shelf
2002,10285,male,44.211496909723934,781.795907881972,bs_shelf
2002,21720,male,208.08069714658643,1352.5959662644857,bs_shelf
2002,21740,male,150.42068922693602,1282.8483574969096,bs_shelf
2003,10115,male,60.356433515053574,122.6628147414901,bs_shelf
2003,10130,male,45.15317024759076,1187.348554131705,bs_shelf
2003,10210,male,105.31793572457084,1221.0695548815836,bs_shelf
2003,10261,male,94.39622517595303,926.6231547560826,bs_shelf
2003,21720,male,209.98324457588348,823.7677724940869,bs_shelf
2003,21740,male,117.3514704605613,341.70822600180657,bs_shelf
2004,10110,male,100.30491601212763,936.7278981956528,bs_shelf
2004,10115,male,41.457369315740486,146.40580191481644,bs_shelf
2004,10130,male,72.92087601088869,1557.9686678966405,bs_shelf
2004,10210,male,105.01115247426186,1284.006502017396,bs_shelf
2004,10261,male,52.195888172345974,1351.0124637845925,bs_shelf
2004,21720,male,222.6644623715146,1279.0729614749573,bs_shelf
2004,21740,male,134.42892661040665,2110.1531644149177,bs_shelf
2005,10115,male,42.17587897467251,108.9754507052465,bs_shelf
2005,10130,male,68.14811537811399,1544.473729643155,bs_shelf
2005,10210,male,110.94689806265691,858.226885119724,bs_shelf
2005,10261,male,76.20888131558375,1149.1646000290352,bs_shelf
2005,10285,male,37.56043904737042,976.406777866048,bs_shelf
2005,21720,male,187.7335242975068,942.3522483666296,bs_shelf
2005,21740,male,153.31135908528893,1309.3994840173557,bs_shelf
2006,10115,male,29.818949313292823,91.29782023357517,bs_shelf
2006,10130,male,102.8843229338524,1622.4423152761806,bs_shelf
2006,10210,male,83.72448325951741,1692.8055141664283,bs_shelf
2006,10261,male,95.4263725558683,1529.6936709013892,bs_shelf
2006,10285,male,44.67335556157782,834.2318300308383,bs_shelf
2006,21720,male,352.137854575717,1491.246009397142,bs_shelf
2006,21740,male,203.2766952088752,1489.3871937199278,bs_shelf
2007,10115,male,32.65192999286096,92.44963501866071,bs_shelf
2007,10130,male,90.84617441818442,1368.759684821315,bs_shelf
2007,10210,male,152.21029277208623,1429.261218519884,bs_shelf
2007,10261,male,78.51251400482997,1633.1858041648584,bs_shelf
2007,10285,male,41.332290110146225,780.0726325322489,bs_shelf
2007,21720,male,95.5671840780908,194.30941456222644,bs_shelf
2007,21740,male,141.01931406562946,1024.4713047097534,bs_shelf
2008,10115,male,23.28758561443225,59.317935866446085,bs_shelf
2008,10130,male,68.8020361777597,926.762745069342,bs_shelf
2008,10210,male,182.31606462872728,1109.4979273090005,bs_shelf
2008,10261,male,50.874594168651534,1387.252709386109,bs_shelf
2008,10285,male,49.32150675508382,1042.8248372588987,bs_shelf
2008,21720,male,191.43554274193045,1200.848515899161,bs_shelf
2008,21740,male,183.33804669317024,1138.671143590337,bs_shelf
2009,10115,male,51.47360575934643,116.98699777178756,bs_shelf
2009,10130,male,103.26926896625405,1273.1718320294617,bs_shelf
2009,10210,male,132.93092601717063,955.307652284826,bs_shelf
2009,10261,male,112.30175091196254,1030.7936100825823,bs_shelf
2009,10285,male,87.44046153277567,1786.7183163734512,bs_shelf
2009,21720,male,319.8500438858919,1563.263798341971,bs_shelf
2009,21740,male,112.8549150844316,875.8018707884676,bs_shelf
2010,10110,male,74.39649641885863,707.562996316637,bs_shelf
2010,10115,male,77.42504959827335,240.76119963072384,bs_shelf
2010,10130,male,105.2305375316556,581.4365473304292,bs_shelf
2010,10210,male,165.3606088688082,936.753281031116,bs_shelf
2010,10261,male,101.27670275621344,900.744364309988,bs_shelf
2010,10285,male,60.032390137391786,1290.5451708778585,bs_shelf
2010,21720,male,127.33837589053653,815.5877025816244,bs_shelf
2010,21740,male,177.23578419558137,985.3478887922424,bs_shelf
2011,10115,male,155.4416092273327,661.9930920000869,bs_shelf
2011,10130,male,112.09932968038592,699.3211265208863,bs_shelf
2011,10210,male,124.44859102758086,753.2436613333153,bs_shelf
2011,10261,male,62.54555842784577,973.066784796807,bs_shelf
2011,10285,male,75.04418958697941,1134.356264594239,bs_shelf
2011,21720,male,201.26067985092595,1197.1458131769532,bs_shelf
2011,21740,male,232.2654411348602,1344.6902192514617,bs_shelf
2012,10110,male,103.20951433332556,500.0560849198455,bs_shelf
2012,10115,male,73.60671035966557,399.58298615419,bs_shelf
2012,10130,male,86.64881296316833,847.5415956939528,bs_shelf
2012,10210,male,178.5135855185507,949.9546664092568,bs_shelf
2012,10261,male,42.72651698233418,740.4727913536295,bs_shelf
2012,10285,male,60.19651742483436,784.283468864195,bs_shelf
2012,21720,male,157.46755986331195,957.940435770955,bs_shelf
2012,21740,male,220.89672637591397,1072.4069505728885,bs_shelf
2013,10115,male,65.19972609174243,232.38637412537736,bs_shelf
2013,10130,male,109.2051749629564,426.67711555190806,bs_shelf
2013,10210,male,145.85601714608984,1043.4145756801463,bs_shelf
2013,10261,male,53.51794234211842,1093.084367877355,bs_shelf
2013,10285,male,62.37771223414689,710.1509263135075,bs_shelf
2013,21720,male,125.6962383134546,614.9901365344508,bs_shelf
2013,21740,male,239.11982925971844,1954.7103674994107,bs_shelf
2014,10110,male,55.90350587055262,559.1619885534444,bs_shelf
2014,10115,male,43.88243236856507,184.70594304059856,bs_shelf
2014,10130,male,123.78726754872191,597.5404446731274,bs_shelf
2014,10210,male,111.26463506206956,1053.7801251042313,bs_shelf
2014,10261,male,29.834899135199304,891.0538874504125,bs_shelf
2014,10285,male,56.62484967542073,809.8272534006433,bs_shelf
2014,21720,male,122.29463517351336,814.0160354605765,bs_shelf
2014,21740,male,228.82414716925484,1780.6519666961744,bs_shelf
2015,10110,male,118.96799488810264,765.7586078754418,bs_shelf
2015,10115,male,43.13242339061127,148.76469557667505,bs_shelf
2015,10130,male,145.72443638056927,776.6376349771949,bs_shelf
2015,10210,male,153.3219006739396,964.50177870789,bs_shelf
2015,10261,male,47.42805736407219,1031.640457987282,bs_shelf
2015,21720,male,321.67208197547114,1412.1567265128804,bs_shelf
2015,21740,male,368.74099025266673,2606.54028264153,bs_shelf
2016,10110,male,93.38288980209398,1164.0394901885077,bs_shelf
2016,10112,male,109.12262087789676,464.1379578060185,bs_shelf
2016,10115,male,51.73436890395887,97.76290885225936,bs_shelf
2016,10130,male,149.51005794045045,1429.5650450937503,bs_shelf
2016,10210,male,146.71316928107927,1936.3466167070744,bs_shelf
2016,10261,male,53.24425009754864,1163.2316509034497,bs_shelf
2016,10285,male,63.11331728404361,872.1177587240786,bs_shelf
2016,21720,male,337.77246537110625,1980.6041059823697,bs_shelf
2016,21740,male,331.24217623989057,1806.301265227669,bs_shelf
2017,10110,male,59.79024658153907,852.431186959314,bs_shelf
2017,10112,male,80.42446504980518,390.4474714463451,bs_shelf
2017,10115,male,27.708058128903023,67.08342381510397,bs_shelf
2017,10130,male,127.60232068796944,1511.8226955521743,bs_shelf
2017,10210,male,163.4294651141421,644.4830607185285,bs_shelf
2017,10261,male,88.27838013097573,1301.446614483013,bs_shelf
2017,10285,male,60.93668895237927,1052.755759501573,bs_shelf
2017,21720,male,333.95434491006415,1668.2999795140108,bs_shelf
2017,21740,male,367.0169775434396,2553.3403995500953,bs_shelf
2018,10110,male,89.68178600082535,867.0128766970178,bs_shelf
2018,10112,male,105.74146149228756,403.4872038303534,bs_shelf
2018,10115,male,22.41113761281024,43.65031887928347,bs_shelf
2018,10130,male,206.85242806479795,1214.0976144672295,bs_shelf
2018,10210,male,133.8577081824593,1754.6959802797126,bs_shelf
2018,10261,male,88.59738433108612,1008.5241587084934,bs_shelf
2018,10285,male,53.842479744664665,1333.329914350362,bs_shelf
2018,21720,male,235.48002720524727,1679.7350964264265,bs_shelf
2018,21740,male,207.1286118229651,963.0734443202329,bs_shelf
2019,10110,male,119.09952111745488,1261.69478304392,bs_shelf
2019,10112,male,93.57697235590172,314.3342594580329,bs_shelf
2019,10130,male,174.5409834290496,1176.3565446068976,bs_shelf
2019,10210,male,143.19176490643133,1005.5792529478898,bs_shelf
2019,10261,male,95.34536182733008,1271.695734936719,bs_shelf
2019,10285,male,64.17043829990098,941.4678693527618,bs_shelf
2019,21720,male,239.3489432721996,694.6782537504491,bs_shelf
2019,21740,male,340.07836100875403,2969.157825206949,bs_shelf
2021,10110,male,65.59915351643892,1073.0039828059555,bs_shelf
2021,10112,male,88.55061027879857,292.36037697754324,bs_shelf
2021,10130,male,189.73627148569912,1336.4251777619795,bs_shelf
2021,10210,male,121.50486819781524,795.2563337648941,bs_shelf
2021,10261,male,149.59783773870836,1147.9900367018442,bs_shelf
2021,21720,male,258.06555606251817,1144.943566602435,bs_shelf
2021,21740,male,240.5104896774815,1501.5976759912162,bs_shelf
2022,21740,male,288.31913349405215,1794.6516487863548,bs_shelf
1982,10110,total,64.55989285742324,661.0579255756676,bs_shelf
1982,10115,total,44.24601947093014,202.52964090332193,bs_shelf
1982,10130,total,113.0448057495741,1653.4165637813237,bs_shelf
1982,10210,total,220.12201857628872,2558.2350216390446,bs_shelf
1982,10285,total,77.45556881977164,2526.82244539584,bs_shelf
1982,21740,total,210.32313601215589,1268.781027020996,bs_shelf
1983,10210,total,171.01769862339327,4506.385554891201,bs_shelf
1983,21740,total,66.31891433745237,1404.9722607190522,bs_shelf
1984,10210,total,201.95489473429015,4191.952486715309,bs_shelf
1984,21720,total,76.52743608348054,2566.3780081590567,bs_shelf
1984,21740,total,315.5296805240671,1851.3988875861387,bs_shelf
1985,10130,total,168.38034313542877,2095.9186421420295,bs_shelf
1985,10210,total,193.71113770848052,1540.0752087230087,bs_shelf
1985,21740,total,89.43806054446058,333.14141820301876,bs_shelf
1986,10210,total,229.6428861638174,2278.2969101681333,bs_shelf
1986,21740,total,199.22705821513608,1416.589997455586,bs_shelf
1987,10210,total,164.34241698501162,1838.1663448496888,bs_shelf
1987,21740,total,187.07953232446843,1417.5997956221668,bs_shelf
1988,10210,total,148.6661088153393,1537.8087196418717,bs_shelf
1988,10285,total,53.634774421288,720.8155783980201,bs_shelf
1988,21720,total,189.49061847404823,1616.7715488683905,bs_shelf
1988,21740,total,183.5622101830025,2056.6683086000617,bs_shelf
1989,10210,total,232.64883206707103,2104.7676907830587,bs_shelf
1989,21720,total,192.38650039977043,1212.458030104769,bs_shelf
1989,21740,total,269.97543645587035,1862.7743000728883,bs_shelf
1990,10210,total,277.2102519161452,2382.976614201727,bs_shelf
1990,21720,total,157.97635559342004,1202.3019945271817,bs_shelf
1990,21740,total,225.12463188946325,1379.3114271826807,bs_shelf
1991,10210,total,282.32820650515083,3489.395634734837,bs_shelf
1991,21720,total,139.12798191900188,1206.6820491208937,bs_shelf
1991,21740,total,173.64556671320952,860.7460492571286,bs_shelf
1992,10130,total,111.32572843497525,1059.6377030991084,bs_shelf
1992,10210,total,180.89150580934708,1446.4816975763297,bs_shelf
1992,10285,total,102.5059855684786,1187.4122111190622,bs_shelf
1992,21720,total,169.25777316516934,796.0126114621007,bs_shelf
1992,21740,total,116.1540005310099,775.2893554993207,bs_shelf
1993,10110,total,45.61989386359034,1596.316624487788,bs_shelf
1993,10130,total,37.42280863534355,2186.980889705605,bs_shelf
1993,10210,total,135.63878197558327,1773.6114192119312,bs_shelf
1993,10285,total,47.783178001630894,1776.5301830970566,bs_shelf
1993,21720,total,132.15195776943708,757.6474387317278,bs_shelf
1993,21740,total,88.02702596162311,1062.3003072049764,bs_shelf
1994,10130,total,103.1052406782197,2104.275891861324,bs_shelf
1994,10210,total,182.13626988233057,2320.270628742874,bs_shelf
1994,10285,total,70.42437137452694,1662.643200173944,bs_shelf
1994,21720,total,189.1842792687354,1332.1251106699133,bs_shelf
1994,21740,total,113.9967597467642,1243.2819519741,bs_shelf
1995,10130,total,127.9208503050338,1901.7904914317824,bs_shelf
1995,10210,total,224.0344259966774,1694.5986164514718,bs_shelf
1995,10285,total,98.50610533299242,1900.856311058651,bs_shelf
1995,21720,total,161.6461245564449,1991.5113525169984,bs_shelf
1995,21740,total,110.6835529411403,515.7082921648041,bs_shelf
1996,10110,total,58.340829017102514,1900.205256161012,bs_shelf
1996,10210,total,261.5671315452202,1833.2942237890957,bs_shelf
1996,10261,total,191.8133784681546,3249.6065467412104,bs_shelf
1996,21720,total,154.97149648575544,1343.561843517458,bs_shelf
1996,21740,total,264.0202130244314,1459.1208881381751,bs_shelf
1997,10210,total,156.2883926854,2436.7502193056303,bs_shelf
1997,10261,total,99.57452598183028,2747.057226012732,bs_shelf
1997,21720,total,89.18198788208554,1386.3753570263875,bs_shelf
1997,21740,total,104.92396595929684,368.1006105832767,bs_shelf
1998,10110,total,92.24101651773056,1481.7935498560496,bs_shelf
1998,10115,total,27.5844364321539,189.467918583262,bs_shelf
1998,10210,total,219.40721125055316,3083.776170182518,bs_shelf
1998,10261,total,114.36874126460208,4477.060828782595,bs_shelf
1998,10285,total,119.21180240832444,1724.9055892050806,bs_shelf
1998,21720,total,145.66277350393085,2204.50770156335,bs_shelf
1998,21740,total,275.1964108747347,1477.6645418903236,bs_shelf
1999,10130,total,127.40479509079005,2391.728301651049,bs_shelf
1999,10210,total,316.5894008907367,3248.205154111724,bs_shelf
1999,10261,total,140.96020960701762,2378.178070340501,bs_shelf
1999,21720,total,218.27392756245985,2106.5273311999244,bs_shelf
1999,21740,total,241.8532699493448,1598.2899912402645,bs_shelf
2000,10130,total,120.3063127606842,2278.055121675908,bs_shelf
2000,10210,total,178.0532610291111,2679.826775845406,bs_shelf
2000,10261,total,115.22603834456442,975.632397885864,bs_shelf
2000,10285,total,104.82215860546118,1101.0838675504162,bs_shelf
2000,21720,total,139.83864793821834,1330.0001764968656,bs_shelf
2000,21740,total,214.3470772856465,1217.1556582352614,bs_shelf
2001,10130,total,169.2969462828374,1842.7493201589,bs_shelf
2001,10210,total,191.6585790432447,2450.7080329954597,bs_shelf
2001,10261,total,131.1343530943784,1894.2844727163908,bs_shelf
2001,10285,total,106.12931315427446,1615.5511457521109,bs_shelf
2001,21720,total,288.8571309161935,1736.682722381658,bs_shelf
2001,21740,total,288.2083160898335,1599.845985900815,bs_shelf
2002,10130,total,141.18819562628198,1224.9906519291294,bs_shelf
2002,10210,total,246.54752438433255,2528.55472456918,bs_shelf
2002,10261,total,154.11596755347716,2022.5196013254792,bs_shelf
2002,10285,total,115.86506265057388,1495.9222448516125,bs_shelf
2002,21720,total,318.50718780021964,2185.677791912737,bs_shelf
2002,21740,total,311.6296690457507,1984.8589014495724,bs_shelf
2003,10115,total,116.03981544038696,269.3211380383929,bs_shelf
2003,10130,total,88.32938022736839,1847.239080480236,bs_shelf
2003,10210,total,222.58844876226385,1778.4703401886875,bs_shelf
2003,10261,total,194.90797630471823,1605.8094592266723,bs_shelf
2003,21720,total,285.28097592990514,1074.542930842974,bs_shelf
2003,21740,total,224.9305997672054,727.6194477335481,bs_shelf
2004,10110,total,227.7361003480505,2642.3634087732394,bs_shelf
2004,10115,total,78.01048261544896,254.6369689774185,bs_shelf
2004,10130,total,132.60834459182647,2555.183195765413,bs_shelf
2004,10210,total,243.47542420924535,2300.312476310518,bs_shelf
2004,10261,total,101.30628536924544,1957.2111764276535,bs_shelf
2004,21720,total,300.0568345419349,1881.3145651208497,bs_shelf
2004,21740,total,237.87300973416149,2599.1809072963665,bs_shelf
2005,10115,total,78.4516154391592,211.11798009573056,bs_shelf
2005,10130,total,136.74539439740462,2451.079654726504,bs_shelf
2005,10210,total,237.7976860093067,1809.171549179466,bs_shelf
2005,10261,total,129.2861149564651,1674.0913828869104,bs_shelf
2005,10285,total,109.26505475754546,1578.6391041536551,bs_shelf
2005,21720,total,220.18705759356743,1187.6687620606508,bs_shelf
2005,21740,total,242.01663315742556,1774.444518650866,bs_shelf
2006,10115,total,72.35879564442081,199.65053891702416,bs_shelf
2006,10130,total,189.7990337445601,2610.814959942189,bs_shelf
2006,10210,total,173.71823763259883,3338.33973149297,bs_shelf
2006,10261,total,144.5921270351903,2259.2235398593593,bs_shelf
2006,10285,total,102.2255339663568,1447.5258057512222,bs_shelf
2006,21720,total,504.43447381917537,2476.339117019403,bs_shelf
2006,21740,total,357.89341659094663,1733.5928906746883,bs_shelf
2007,10115,total,71.88237954191251,200.4088973272392,bs_shelf
2007,10130,total,181.37379238950265,2168.3214253589645,bs_shelf
2007,10210,total,302.3161679558133,2257.0601944941664,bs_shelf
2007,10261,total,168.53578310859518,1905.5208001616948,bs_shelf
2007,10285,total,107.55725044046515,1350.6047071441888,bs_shelf
2007,21720,total,60.312878822950026,271.3828015208613,bs_shelf
2007,21740,total,192.8668563753889,914.0427550851734,bs_shelf
2008,10115,total,61.39316900904481,144.8620135466902,bs_shelf
2008,10130,total,132.54888441477755,1626.5827351933085,bs_shelf
2008,10210,total,337.61443551448895,1556.6150798764395,bs_shelf
2008,10261,total,116.47691013272558,1370.0352352683894,bs_shelf
2008,10285,total,119.17659357451768,1745.3466376447188,bs_shelf
2008,21720,total,251.89570194732624,1780.2099426072966,bs_shelf
2008,21740,total,297.63998442739484,1435.867953279365,bs_shelf
2009,10115,total,126.14179953496742,295.3043492549009,bs_shelf
2009,10130,total,222.5858021650012,2265.986977941498,bs_shelf
2009,10210,total,275.7764475983628,1386.0582175079323,bs_shelf
2009,10261,total,255.02111874349964,1715.0394523241223,bs_shelf
2009,10285,total,197.0712573806964,2748.973452514328,bs_shelf
2009,21720,total,207.0686886270076,917.6665113628252,bs_shelf
2009,21740,total,190.3958623245028,1214.0638649601178,bs_shelf
2010,10110,total,198.65231984651663,2244.1538186437574,bs_shelf
2010,10115,total,205.44889202746504,696.7158844003852,bs_shelf
2010,10130,total,212.23239170028157,1177.159506895533,bs_shelf
2010,10210,total,339.375481883747,1585.2240728110244,bs_shelf
2010,10261,total,193.64823250911775,1415.132159434366,bs_shelf
2010,10285,total,138.27722814852496,2082.010662958517,bs_shelf
2010,21720,total,159.48514696353294,1240.7781422804271,bs_shelf
2010,21740,total,255.6593594163566,1274.436575105022,bs_shelf
2011,10115,total,260.35902804826145,1181.2030579114682,bs_shelf
2011,10130,total,201.15727674281283,1016.7335148583868,bs_shelf
2011,10210,total,252.9566489885094,1169.9186077012223,bs_shelf
2011,10261,total,128.8597085361907,1441.8139805348917,bs_shelf
2011,10285,total,178.353937929493,1752.205183326986,bs_shelf
2011,21720,total,127.13607234531749,1367.2401197001077,bs_shelf
2011,21740,total,329.33113054263816,1387.5096536676824,bs_shelf
2012,10110,total,248.98373706874145,1522.3123605374117,bs_shelf
2012,10115,total,150.9969425799058,699.0332345765603,bs_shelf
2012,10130,total,177.9506732617538,1384.2013986704526,bs_shelf
2012,10210,total,347.0637259019359,1710.378383493491,bs_shelf
2012,10261,total,101.20051933890774,1236.4711670081924,bs_shelf
2012,10285,total,147.80386481443915,1184.5651279999138,bs_shelf
2012,21720,total,155.57034181166884,889.2518150188354,bs_shelf
2012,21740,total,343.95529884147453,1438.5397787278755,bs_shelf
2013,10115,total,119.74536991486195,421.7786262775219,bs_shelf
2013,10130,total,190.1492275561639,663.0029754411261,bs_shelf
2013,10210,total,327.1922639781113,1919.6722887040723,bs_shelf
2013,10261,total,128.22521615423116,1880.3125022208255,bs_shelf
2013,10285,total,152.2571579394963,1147.8393868532148,bs_shelf
2013,21720,total,136.44048397582262,872.3734666841249,bs_shelf
2013,21740,total,439.874288223845,2638.3279114467437,bs_shelf
2014,10110,total,140.71033486777847,1828.8747557690049,bs_shelf
2014,10115,total,102.43624949062836,354.2984191938277,bs_shelf
2014,10130,total,219.72670111267132,933.1538697475304,bs_shelf
2014,10210,total,258.50468215562074,1774.829165031644,bs_shelf
2014,10261,total,71.82525364820226,1545.1799928911405,bs_shelf
2014,10285,total,159.87714159073906,1333.6113901124263,bs_shelf
2014,21720,total,126.5890812647958,1079.4052736363035,bs_shelf
2014,21740,total,395.61341858956047,1928.850057052548,bs_shelf
2015,10110,total,248.97106025824263,2626.9063982495095,bs_shelf
2015,10115,total,112.66079856051944,325.5273224548669,bs_shelf
2015,10130,total,307.2564210252622,1512.9422794213897,bs_shelf
2015,10210,total,290.1806143334331,1615.5593094024723,bs_shelf
2015,10261,total,109.26096301157752,1686.6387028518866,bs_shelf
2015,21720,total,366.16209107786574,2107.9786455894905,bs_shelf
2015,21740,total,563.8092149848642,3395.3923969093753,bs_shelf
2016,10110,total,385.13254278123173,3357.0082786527983,bs_shelf
2016,10112,total,192.59522877450405,857.6454423809122,bs_shelf
2016,10115,total,97.61992106700444,233.2044234740172,bs_shelf
2016,10130,total,317.8618382340899,2528.584551492084,bs_shelf
2016,10210,total,304.97249255761096,3354.5306994539737,bs_shelf
2016,10261,total,162.4211626408013,1649.5832755418317,bs_shelf
2016,10285,total,154.46037894137797,1533.4028700083022,bs_shelf
2016,21720,total,503.5038283204498,2983.053001439552,bs_shelf
2016,21740,total,467.2331897841411,2267.180606902339,bs_shelf
2017,10110,total,198.47804314415572,2509.727394125376,bs_shelf
2017,10112,total,165.61956768440635,760.1141890811672,bs_shelf
2017,10115,total,62.53117157602504,183.60999288705588,bs_shelf
2017,10130,total,275.4647135339846,2715.783653088785,bs_shelf
2017,10210,total,292.10704530281055,1116.4329087171702,bs_shelf
2017,10261,total,204.262213291634,2177.942184796432,bs_shelf
2017,10285,total,165.07813279582797,1575.1717671070517,bs_shelf
2017,21720,total,458.15779514364186,2740.3800100096955,bs_shelf
2017,21740,total,601.4977009304615,3823.872683343994,bs_shelf
2018,10110,total,345.1142349754329,2033.4805956474604,bs_shelf
2018,10112,total,216.67043339685387,751.4334780687518,bs_shelf
2018,10115,total,66.51087369329434,136.04408748845373,bs_shelf
2018,10130,total,375.0613490330797,2163.0698426320946,bs_shelf
2018,10210,total,318.9922507126158,538.7667912211227,bs_shelf
2018,10261,total,194.26336074585063,1295.7837699204456,bs_shelf
2018,10285,total,131.41680485563572,2147.1745633113724,bs_shelf
2018,21720,total,329.77936302709537,2927.104771969998,bs_shelf
2018,21740,total,253.9646026617768,1241.9404513459,bs_shelf
2019,10110,total,349.56601263823035,3246.722617094351,bs_shelf
2019,10112,total,198.1782114544227,587.1015451256376,bs_shelf
2019,10115,total,33.55031289914847,86.32415152830353,bs_shelf
2019,10130,total,305.10561242538864,2250.029183263432,bs_shelf
2019,10210,total,309.88960086562633,2083.3769292595675,bs_shelf
2019,10261,total,210.79901531977913,2469.414577457136,bs_shelf
2019,10285,total,160.02468455430147,1626.92895780334,bs_shelf
2019,21720,total,271.67737227893673,1205.076359480155,bs_shelf
2019,21740,total,432.95524637274355,2660.0547436391616,bs_shelf
2021,10110,total,236.7962983229698,2648.1052141623236,bs_shelf
2021,10112,total,159.84082198707824,582.256211352475,bs_shelf
2021,10115,total,31.264412035843883,54.861052059283,bs_shelf
2021,10130,total,314.1832778605859,2205.8416209254797,bs_shelf
2021,10210,total,231.88699539762632,1265.1288647000024,bs_shelf
2021,10261,total,272.31436913299,2000.4623997693304,bs_shelf
2021,21720,total,374.0214728778907,2002.9508057566372,bs_shelf
2021,21740,total,363.9577205210993,2012.415199181694,bs_shelf
2022,21740,total,441.4146496951363,2066.122584536168,bs_shelf
1994,10110,total,43.29299066785195,1305.9744707055922,bs_shelf
2002,10110,female,141.34386824339916,701.3284368515325,bs_slope
2002,10112,female,139.10191205111374,310.69427383235836,bs_slope
2002,10115,female,87.81646016064745,174.11025714486794,bs_slope
2002,30060,female,48.951456645695025,116.60767990412596,bs_slope
2004,10115,female,90.87563849918392,219.021766358654,bs_slope
2004,30060,female,42.14009092596323,100.4834066395058,bs_slope
2008,10115,female,72.52963677362833,195.30384889457272,bs_slope
2008,30060,female,53.48525810151696,87.96376694841753,bs_slope
2010,10110,female,180.0911898075055,837.7307282772318,bs_slope
2010,10115,female,70.21122132831535,139.88062917415783,bs_slope
2010,30060,female,56.45110208150844,104.4364046917698,bs_slope
2012,10110,female,114.17601732936431,690.0051902591259,bs_slope
2012,10112,female,133.62012880942572,328.2345277571803,bs_slope
2012,10115,female,43.05810489058746,231.2845972336561,bs_slope
2012,30060,female,63.84403219707733,113.76310071392632,bs_slope
2016,10110,female,46.35883711604709,526.5236102078965,bs_slope
2016,10112,female,140.8894205872431,391.8493089265964,bs_slope
2016,10115,female,77.49972456172955,226.7033640050007,bs_slope
2016,30060,female,37.11313538828816,46.651439066184714,bs_slope
2002,10110,male,44.11231541389382,243.2219467416256,bs_slope
2002,10112,male,106.70235804403958,293.67123559915007,bs_slope
2002,10115,male,87.87602652015262,299.2978539544705,bs_slope
2002,30060,male,36.537325917366225,104.06776305400966,bs_slope
2004,10115,male,85.33276017535822,389.4494943988824,bs_slope
2004,30060,male,42.86497483426813,212.81630325085283,bs_slope
2008,10115,male,97.06742672196891,340.43006873383933,bs_slope
2008,30060,male,51.482549004471394,96.97099441189792,bs_slope
2010,10110,male,66.97237887392347,336.9849695671604,bs_slope
2010,10115,male,121.57532006537411,389.7157824378649,bs_slope
2010,30060,male,58.19817442143436,129.8135482322461,bs_slope
2012,10110,male,41.41407186419562,313.59025813969845,bs_slope
2012,10112,male,78.76380434475415,240.2375419867313,bs_slope
2012,10115,male,68.338413713065,259.31404299265876,bs_slope
2012,30060,male,58.218982392144035,101.90848699971568,bs_slope
2016,10110,male,35.48834900645078,143.7030506931692,bs_slope
2016,10112,male,129.6977131171038,572.8448717543752,bs_slope
2016,10115,male,81.86929446290246,288.9921868955058,bs_slope
2016,30060,male,53.961652030428226,60.82759739654934,bs_slope
2002,10110,total,173.52515497363063,902.6153586861444,bs_slope
2002,10112,total,237.79025477892415,576.0715594833564,bs_slope
2002,10115,total,165.14788253091936,444.29371167449256,bs_slope
2002,30060,total,74.96251631418662,203.96623832653125,bs_slope
2004,10115,total,167.95178529369744,375.0281515986451,bs_slope
2004,30060,total,82.7867033100478,264.8678174267506,bs_slope
2008,10115,total,153.4564030162458,467.53888670340314,bs_slope
2008,30060,total,93.50193460539973,145.14634442020676,bs_slope
2010,10110,total,250.37106127190037,993.9704094338376,bs_slope
2010,10115,total,187.2937968176456,521.3807110777245,bs_slope
2010,30060,total,108.99498363265218,240.7689077720513,bs_slope
2012,10110,total,148.97560476812603,820.8143693493807,bs_slope
2012,10112,total,154.89594873671248,391.43156854240016,bs_slope
2012,10115,total,83.42406611637304,355.2796279300454,bs_slope
2012,30060,total,112.55791363356472,197.04755230601927,bs_slope
2016,10110,total,53.936284906088694,566.3718668136071,bs_slope
2016,10112,total,236.89456559397036,903.3508483770906,bs_slope
2016,10115,total,124.03097029076665,465.2808182245389,bs_slope
2016,30060,total,80.15020069071045,101.61446261243844,bs_slope
