year,species_code,comp_type,ae,ae_al,al,base,region
1990,10110,female,92.8250546881332,93.0261808639803,79.94262359855698,91.83994306007264,goa
1990,10110,male,35.21526634145666,31.377519454395383,25.56328524882096,36.44780270036498,goa
1990,10110,total,126.266988991489,119.38279921276444,87.9842101289636,109.47343784850165,goa
1993,10110,female,156.3535866111498,132.95367534659175,205.57740551257643,245.60631854235567,goa
1993,10110,male,98.2790919591132,93.20620648851542,144.04086005330095,154.23307120458637,goa
1993,10110,total,221.42272948928937,193.5298747064185,333.4507846996673,371.9835208222694,goa
1996,10110,female,123.7196361535504,105.82171252932922,142.56097024423423,192.7220038915336,goa
1996,10110,male,87.26300092770069,80.70390664565318,91.26904530074464,113.09414128940168,goa
1996,10110,total,203.01287495127784,163.9427103305798,194.98846188930415,287.5360471786223,goa
1996,10261,female,30.781198891394308,34.82261983902257,33.007126838814564,30.406255973331493,goa
1996,10261,male,14.930309074905407,8.463088113131427,8.453135167288615,17.162295132517123,goa
1996,10261,total,42.20377583727237,29.302935072201716,30.143819911308956,46.91456565547064,goa
1999,10110,female,227.58725134245412,235.17868531958177,219.58464052267988,245.5372521252213,goa
1999,10110,male,150.37193699514503,167.79734254623403,148.3806234297529,165.60899579957632,goa
1999,10110,total,308.0127122645545,329.7028412391286,336.9635789286638,378.7700509932721,goa
1999,10261,female,72.07600400380076,46.15284418676869,43.717062202668025,70.39754294598237,goa
1999,10261,male,44.25697090855892,29.84872302923763,29.66893465066623,44.407074175669194,goa
1999,10261,total,105.50356901384072,60.14716433495243,57.44640217198323,101.8117888115211,goa
2001,10110,female,257.7120238439886,205.4803333556698,293.77604035413674,367.6485871148756,goa
2001,10110,male,197.82747562475512,127.36529056696176,155.48998469674606,238.72759879958195,goa
2001,10110,total,342.11157428832627,236.52703119027447,354.5666345032623,522.4411752781714,goa
2001,10261,female,117.2168042364224,111.83160293408044,108.81793526658235,117.56755347142928,goa
2001,10261,male,97.43298376221352,90.72641862599916,83.19961274760061,94.18457442544562,goa
2001,10261,total,184.80006330911417,166.76065214823245,160.47205904771735,186.8504990564123,goa
2003,10110,female,217.0288754437995,214.11882252268384,196.81418688873163,200.022278008697,goa
2003,10110,male,123.57087625773168,119.81406755761346,153.87856945835608,155.4927869627577,goa
2003,10110,total,270.90165317979165,259.4388632229417,279.28355600515863,291.2699170905306,goa
2003,10261,female,121.96845356396985,121.49107643542705,113.96324618084373,112.14024474892032,goa
2003,10261,male,64.64105474286823,64.98731340246809,63.89507444891099,61.17249360409544,goa
2003,10261,total,158.06104397749735,158.45287606754988,157.62918155798226,148.71034979893938,goa
2005,10110,female,131.2948298522899,72.66115526862974,95.1467224797386,186.66519168234956,goa
2005,10110,male,62.98656259782044,47.729197437639854,88.48883702804295,140.5385222119995,goa
2005,10110,total,205.88633738446,94.31724727944136,129.73174294099078,299.1383507574227,goa
2005,10261,female,89.4748644789286,72.13083987615192,71.0195365281262,84.91753016930578,goa
2005,10261,male,51.74229187501275,32.17364475816167,40.168925639797074,58.18158317733574,goa
2005,10261,total,127.37056231711742,80.14598039317386,92.48067780084855,126.20494099415092,goa
2007,10110,female,124.58490485702411,114.08767456404532,146.14195308860792,185.8673835875019,goa
2007,10110,male,111.7858611349618,93.66907639884872,101.2734046538558,124.878398155923,goa
2007,10110,total,185.2970390945432,147.73451880253074,200.5281604939144,292.3851554186499,goa
2007,10261,female,98.5523174872308,91.69115364061088,96.61189774247164,99.27805841296572,goa
2007,10261,male,58.09181048288904,56.33143081745318,54.42258609356212,52.753417556414654,goa
2007,10261,total,144.25465943324718,137.51501648509307,146.80090323868382,140.6301352279048,goa
2009,10110,female,159.08110733587432,144.8291324360744,170.48936776021193,195.17060098467755,goa
2009,10110,male,133.1183597252985,115.82243402593905,127.72653487538048,152.8934774555654,goa
2009,10110,total,226.8879150421996,184.63355746854904,238.67334595520347,298.17968935562413,goa
2009,10261,female,108.38906261753372,79.22023829381126,84.23625640223965,104.07749095591772,goa
2009,10261,male,53.3302227623108,37.40005316926299,38.827982456893565,51.8923907804172,goa
2009,10261,total,122.89134180270072,69.25160396304253,76.8426820998175,122.67717811356609,goa
2011,10110,female,150.2402652563588,112.56808559320235,150.0103090891435,189.1974647059744,goa
2011,10110,male,102.6335440886677,82.27884319178371,118.55831914536816,140.12347878972153,goa
2011,10110,total,226.45879442578132,160.555578934823,235.10966473371332,302.53134354716013,goa
2011,10261,female,71.84146881235675,78.22738870019482,73.18533392788724,68.06308062730731,goa
2011,10261,male,41.85793999794119,50.1752019256297,46.50054405899846,40.24101034629023,goa
2011,10261,total,105.93855002167156,111.9633974317667,107.22729751276373,102.39584350382567,goa
2013,10110,female,141.5226428908536,109.9696194705674,127.64886653618468,175.50494640292007,goa
2013,10110,male,64.37383449397699,55.93320533227782,105.17645098504474,128.44573326802924,goa
2013,10110,total,170.1852621650474,127.24105168881044,193.92054851172665,279.2817826311628,goa
2013,10261,female,63.12475249511296,67.67664353145308,66.17855917215917,65.75874714683275,goa
2013,10261,male,46.37928676484722,44.46394992094484,39.76383373874748,43.80509495378684,goa
2013,10261,total,99.8777574440842,103.08059260537568,93.0743817807398,97.78308870269322,goa
2015,10110,female,141.35389934837934,132.11133335078955,129.50795479451776,156.12165969163607,goa
2015,10110,male,88.67138767300143,78.66248148384837,75.9184450987417,104.20183439844372,goa
2015,10110,total,218.3618884497963,182.23578703546409,171.37396640042462,241.19607830257144,goa
2015,10261,female,101.50733521432868,83.83460676454075,77.01716280613661,96.70785168680484,goa
2015,10261,male,72.51740897190751,52.3289900703122,49.99294827911811,67.3166548181928,goa
2015,10261,total,147.2255641061529,107.76177085443578,101.38505423092228,138.3115383454002,goa
2017,10110,female,259.24911658935355,238.681861116414,260.87386024712816,346.7157191353275,goa
2017,10110,male,129.33353902093432,149.0396028382605,140.58649223809502,150.49959699792169,goa
2017,10110,total,347.38429670830607,372.2702344474589,408.2112082079314,456.30093049222023,goa
2017,10261,female,134.06939983227034,90.49700941821894,92.18806404524724,131.44797652566294,goa
2017,10261,male,69.47265746519709,55.91773455044666,61.74109747091059,71.18420544338088,goa
2017,10261,total,162.3943587368289,107.88032243901957,122.412482527329,167.189514954198,goa
2019,10110,female,251.3404925589779,232.68315618520523,262.82371696650415,379.3852858059135,goa
2019,10110,male,181.11181871813633,213.46594558481556,173.22050053592585,212.84089687793215,goa
2019,10110,total,364.9475298917608,361.0238147794374,381.4928155654331,562.5508007034942,goa
1990,10130,female,32.60088816761092,28.296308415626257,29.491047399309913,32.82273028673645,goa
1990,10130,male,29.380118846257627,23.14257161514961,21.585434997177153,29.45035428084219,goa
1990,10130,total,59.783549532650746,41.495321833151834,43.97435907237012,67.76678220100483,goa
1990,30060,female,88.49096563615835,73.7697853153883,89.43596399043778,105.28416294533204,goa
1990,30060,male,121.9111878253743,93.23271320337828,121.690063658808,157.38803479445843,goa
1990,30060,total,118.50934447963638,91.46548289396732,121.07155031077906,157.78409938667005,goa
1993,10130,female,59.09358750185944,49.84884636434331,51.49205864636427,65.39176448868815,goa
1993,10130,male,38.5408218289633,35.87504775842267,36.21171396760624,42.189271604188534,goa
1993,10130,total,100.30907757113631,78.51180587085709,77.14602747862791,102.89633222992995,goa
1993,30060,female,150.93410029592974,150.3307908016097,148.4277844031446,147.78478600522354,goa
1993,30060,male,158.24298345422207,153.85611106559102,171.21515469828802,169.25668328071842,goa
1993,30060,total,203.57143973457255,198.8125878882028,227.02778939558257,231.2457561032317,goa
1996,10130,female,98.27532943492665,97.64172750252696,88.68642392811363,97.78791832676404,goa
1996,10130,male,74.65958963816097,72.47002749143384,67.913627357372,67.73930486972493,goa
1996,10130,total,147.07346627050734,144.17324052502389,142.14094069149007,148.55408281536788,goa
1996,30060,female,89.46606337435634,81.66470803105967,64.48696761790511,69.79651462316897,goa
1996,30060,male,71.97956094430596,66.70391053730843,63.39547012504329,69.03050504076205,goa
1996,30060,total,120.84171388065064,110.0458288465804,97.88924705732,104.87990003247036,goa
1999,10130,female,145.37181940297106,95.01886379967708,84.2465717169803,119.18347613756944,goa
1999,10130,male,87.30514248904736,59.69171378008214,64.57318147438957,91.41429707647606,goa
1999,10130,total,184.99771932093475,99.99877918249078,105.57456709372516,173.89994490526306,goa
1999,30060,female,72.26862028829531,64.55272728350097,71.256060970528,79.16463416004866,goa
1999,30060,male,71.35112686609449,69.58780090499181,75.83549430267846,74.3520666015915,goa
1999,30060,total,91.93374942196009,82.3267594880633,98.92241008285504,108.72013663035332,goa
2001,10130,female,139.36019266667483,123.43126272578084,144.9732876596023,151.66208071915554,goa
2001,10130,male,138.53779357349208,134.75903363701437,133.50598596260969,140.16060156103748,goa
2001,10130,total,238.0855123145336,212.92782781150353,245.71994757649463,256.5491564794839,goa
2003,10130,female,77.84455330606987,81.26910084767448,94.0903303007074,100.19797071062216,goa
2003,10130,male,90.28480765082432,70.21243692387584,68.9861118820303,107.29444312400518,goa
2003,10130,total,155.69895926796192,128.39690904104387,137.19338232041113,201.4400754880137,goa
2003,30060,female,166.06779676127772,148.66202505459722,142.67626075503978,161.77002179242342,goa
2003,30060,male,152.55398800227798,146.29906443744505,152.0616049630276,156.56687285981175,goa
2003,30060,total,227.78143215438297,206.7723146690286,230.9910103273157,258.1277724697081,goa
2005,10130,female,113.46159520284822,119.5584774790531,96.92658882523703,101.8116437987808,goa
2005,10130,male,75.44599593210553,81.57913017707817,78.73831324871938,73.82435604247033,goa
2005,10130,total,166.12739923332262,177.52513969999086,150.5797395104365,151.80851587214175,goa
2005,30060,female,191.51153673703345,171.20975713200673,155.51753325824322,171.62580123645458,goa
2005,30060,male,149.5964088708912,144.0580354175334,161.52670364105455,171.55966127820625,goa
2005,30060,total,244.15447573074545,221.4760828217148,257.1905949402033,281.7263553795122,goa
2007,10130,female,133.491114008534,130.27314245496447,159.74372249908905,167.84718192025628,goa
2007,10130,male,105.00995032312709,96.8128691120943,117.11112713698044,120.0743799826554,goa
2007,10130,total,173.27130485296126,163.00924084233543,253.5128310519067,267.57289073881134,goa
2007,30060,female,180.02717725581937,174.42343851654212,181.19095363215175,179.38214935176387,goa
2007,30060,male,156.19525797120087,159.2501960736441,161.53410458777276,156.294120990268,goa
2007,30060,total,288.87348946023627,276.524843462119,293.6550338495785,299.4575039732102,goa
2009,10130,female,132.34202301433905,129.16338110550495,141.91661724604847,143.25932344649524,goa
2009,10130,male,117.23320608639553,120.06002207983984,112.93375861007928,116.470831374592,goa
2009,10130,total,222.8066629651737,224.85217991542237,231.92645155944845,235.10664309085757,goa
2009,30060,female,39.524622689725085,41.79109678946617,54.25296872256308,60.3710200169439,goa
2009,30060,male,39.717278980012495,45.03304953777123,39.25634005372928,43.49560185590955,goa
2009,30060,total,65.62723879914923,68.05472930966818,78.74512078526946,91.6262393523044,goa
2011,10130,female,124.7554861840055,98.83760478785564,102.41845313813094,119.92992480372182,goa
2011,10130,male,67.47674868728562,69.85334338208091,67.51939592572444,64.90578735665925,goa
2011,10130,total,155.1221910473825,135.996146606352,142.33504121379667,152.25126262216742,goa
2011,30060,female,92.6439668587736,86.45960458874562,108.08520495631868,116.70514605054808,goa
2011,30060,male,117.16207379855516,113.68054279083876,109.77287209477188,121.44137446102816,goa
2011,30060,total,149.25014967261856,135.9738638295912,151.4775075880293,178.9444882950681,goa
2013,10130,female,136.64766387370625,144.90045133416365,115.36952253732002,114.43407570107944,goa
2013,10130,male,75.80010023694452,74.04447277875062,81.08292498939427,84.56484242095053,goa
2013,10130,total,187.8293444101908,172.96079144458193,174.71347937251235,193.78827763223413,goa
2013,30060,female,166.39878060910382,163.60965054556894,151.33873389896223,152.7897269233773,goa
2013,30060,male,133.05101275727338,131.9529817066317,138.87414078591482,134.60369814171654,goa
2013,30060,total,250.75520508301344,242.96701537135155,243.6176924855829,242.27123793122232,goa
2015,10130,female,149.38158289652964,123.79484115806711,141.83568728272763,190.01146940174897,goa
2015,10130,male,134.60280332063795,116.04842394091426,117.72849427064914,150.13006263351647,goa
2015,10130,total,247.13012257844596,188.3639327238079,212.01875585572873,317.26389649177673,goa
2015,30060,female,99.1114915086394,99.31058694237768,129.13033665483042,130.35843961077683,goa
2015,30060,male,102.34345994174886,103.53385476605594,129.17591705861474,131.41106682599514,goa
2015,30060,total,152.57879905216902,150.88373850991468,213.4758808840952,225.7277794841472,goa
2017,10130,female,49.113847021513074,45.833190174465976,62.933817758367105,83.95223129906485,goa
2017,10130,male,47.57040249718517,44.763664925397535,62.60256924838864,92.24517523708654,goa
2017,10130,total,81.4635570355833,78.51887285882215,119.0217604402746,173.1712439474089,goa
2017,30060,female,166.50156522422895,159.04117598785672,172.89754030154927,172.8432827026912,goa
2017,30060,male,165.0878854715185,153.17486764991253,141.70375595584767,153.1495836271778,goa
2017,30060,total,246.03717036032663,223.80553638924576,250.37481258544332,275.40064370595576,goa
2019,10130,female,49.61239337658194,47.242542626638695,49.414132224517864,69.61237621504269,goa
2019,10130,male,60.124449787754685,58.60885165109298,61.21074252320069,77.76063405506227,goa
2019,10130,total,104.32009117443168,107.671997967077,113.79213639450138,136.45475703787693,goa
2019,30060,female,158.94369518113533,140.9958074478068,181.0280933448871,221.64709349797084,goa
2019,30060,male,220.93563078186696,205.10173291768177,204.7015470933113,227.83353434525372,goa
2019,30060,total,267.3510987265166,233.87183329407847,278.7643129934075,338.4970339457298,goa
2021,10130,female,54.837411721872286,31.203107848690347,33.78026058914678,91.5686156646555,goa
2021,10130,male,69.96966979616678,61.884445914963635,68.21044694090868,87.85026094440914,goa
2021,10130,total,128.7396696259815,84.59905430166003,85.48012783140398,175.34947697651677,goa
2021,30060,female,167.51529157252136,160.33672118002636,161.60166874299117,178.77601242674578,goa
2021,30060,male,222.0824801978916,203.6815903353104,203.37856124678083,232.0476325097003,goa
2021,30060,total,312.4707259339542,293.32202923862616,301.7792946942058,342.2172508999494,goa
1990,21720,female,92.28992342604325,90.01788333772932,68.04814866097252,81.83560992455156,goa
1990,21720,male,74.78614251663744,74.99501719534229,59.538191530515434,67.07561332252969,goa
1990,21720,total,126.97311491950664,129.57932190304325,95.91751848554064,108.19365869394868,goa
1993,21720,female,129.46817885592378,86.9645684029259,76.03920883848797,108.35875887260518,goa
1993,21720,male,103.1274854059288,90.05942354950848,89.0982364414096,105.34696776249494,goa
1993,21720,total,175.0119581257753,118.26068494301347,111.8633951092525,151.6967051544524,goa
1996,21720,female,57.78869208128432,50.25862755666794,48.151853715033155,59.6555800207149,goa
1996,21720,male,30.344277638094155,27.33517133597971,25.57087242677155,29.121836396533112,goa
1996,21720,total,46.819299755223454,39.968850618715834,36.96667195174953,45.01436083056728,goa
1999,21720,female,146.02084293637623,66.12817497195863,60.624423988790205,126.86271780058443,goa
1999,21720,male,114.33359765341636,51.58472826755335,51.75712326524712,120.11567859360716,goa
1999,21720,total,208.86982338287436,71.40525915550141,69.35145810491181,185.1396814411552,goa
2001,21720,female,102.60259057900495,88.69710284938546,83.1432555327331,104.91310624106288,goa
2001,21720,male,108.37106368424706,99.8619155618842,81.95380203818513,98.21215043051988,goa
2001,21720,total,140.2814776165508,120.6947471461983,101.8872668350522,125.97179082038022,goa
2003,21720,female,116.86299553966964,40.53678107238942,35.63197112253583,144.39771227010056,goa
2003,21720,male,115.7295789256634,67.63130482942218,70.8954526218805,124.7628234118565,goa
2003,21720,total,217.54180979013577,66.14160706954182,57.96334978413361,216.64025345320456,goa
2005,21720,female,55.50778079036704,30.4887408470819,33.42235401099399,65.15716918014766,goa
2005,21720,male,59.692773053024695,31.401383669615544,30.741799457570956,73.08805181698652,goa
2005,21720,total,77.78320002039774,35.83267007558759,37.48542497934581,92.20029323228934,goa
2007,21720,female,32.549689992369274,34.30623461038781,35.02703604965856,33.526016392875945,goa
2007,21720,male,38.463446324275615,37.8128495586088,36.1627125847963,37.398623384212065,goa
2007,21720,total,40.25089111233312,41.2691506277349,40.59418771632279,39.58072503015534,goa
2009,21720,female,80.96632146631964,56.94216897509679,67.34205103195745,79.85846397793647,goa
2009,21720,male,57.48137462152379,30.448804520985245,35.94661405901573,75.97000505320374,goa
2009,21720,total,17.142304795392285,17.563851572620564,16.97977760045649,15.492768673066497,goa
2011,21720,female,60.115442970289394,34.27066541685327,54.928677579910854,96.1650668927133,goa
2011,21720,male,81.78332496587905,51.97907731426121,69.32955840119598,102.63137840792096,goa
2011,21720,total,86.14754088571567,47.066245296115056,74.0552780244179,128.15812233622688,goa
2013,21720,female,78.25457158292775,78.99346537140256,74.0550933459891,77.89510384498394,goa
2013,21720,male,53.29122262343254,53.85832741707405,54.110471971998365,54.03027589604246,goa
2013,21720,total,70.7789192742015,71.58812147496604,70.0258166103102,71.30004409090233,goa
2015,21720,female,83.62726560575256,40.08535777682905,48.527798268272946,112.07323178943754,goa
2015,21720,male,61.50437595038544,32.110326900571245,47.503907818287225,105.50488353358136,goa
2015,21720,total,86.71668936633831,39.007323242737314,54.4619806459993,146.56230729641618,goa
2017,21720,female,53.796023533967166,45.82222465331908,50.95197732904913,63.92927080006369,goa
2017,21720,male,33.19427212454373,33.76274002125644,45.353432117816226,55.00159116133998,goa
2017,21720,total,60.183400481321115,54.21625274784468,66.43585389493046,95.20616859468248,goa
2019,21720,female,48.66019753903393,23.510253914737916,23.73944851265948,47.90673563821743,goa
2019,21720,male,40.40109402943028,18.916982034146116,22.641571153682307,50.66997264833946,goa
2019,21720,total,56.24138585097398,23.707311934974687,26.18258518662302,62.56027218231426,goa
2021,21720,female,85.73973993518398,40.61750661846213,39.388579066310214,118.29785561404049,goa
2021,21720,male,50.428295766305375,26.53847042985817,32.48626097067625,104.98646419673356,goa
2021,21720,total,84.69731318384393,37.50800375454425,41.42578422831483,170.61656126786562,goa
1990,21740,female,83.85501895404147,67.38636800264071,74.1572431737822,103.79663164055457,goa
1990,21740,male,66.25151155785193,58.025779452742256,68.17546265502136,78.12165778686759,goa
1990,21740,total,89.26820995619609,69.83723751494558,78.96648536062666,106.90259568573887,goa
1993,21740,female,103.56140056029687,97.70573721242526,159.17352685144087,190.85318295628977,goa
1993,21740,male,121.40762732300134,123.90952101442744,131.69340849815322,136.26854260172453,goa
1993,21740,total,129.68530918780405,121.29035133129784,161.68570075326,191.03609795882244,goa
1996,21740,female,80.55022354938308,58.06978838024614,64.18835919135786,84.26957403688512,goa
1996,21740,male,53.40859261534872,33.651630595950685,37.20209015801843,55.61097628185983,goa
1996,21740,total,37.08248189798524,28.295510303330857,29.54646021104106,36.58384653557789,goa
1999,21740,female,96.20299968075224,75.11884504637041,81.40768195674963,109.43436185099218,goa
1999,21740,male,58.21871005758553,43.29070157415883,47.396327609672205,64.74258211034378,goa
1999,21740,total,88.73740189925678,66.34959811159248,72.24283340919439,98.93216011940534,goa
2001,21740,female,40.30550062457968,32.40784944480194,31.348339728768323,38.83320098691477,goa
2001,21740,male,32.04365496953948,27.85238765898958,26.31872168010362,30.332928566008547,goa
2001,21740,total,35.08260950125859,36.7376577005514,34.76022606373495,33.43335427579724,goa
2003,21740,female,156.4064278698935,140.6777289545491,124.53691806771548,153.50376336685642,goa
2003,21740,male,133.9795065859036,107.96882338572516,102.9834177972452,132.15978595822804,goa
2003,21740,total,174.08923355612944,154.3235551178543,141.05034740466502,173.866077907291,goa
2005,21740,female,197.04381349400725,154.8737126924472,148.59614427544727,186.37154680815271,goa
2005,21740,male,161.28397109201248,126.72186992639035,111.38214190658064,142.87611082654018,goa
2005,21740,total,81.94715048688411,93.95373081319258,89.78019967360174,81.0336766648773,goa
2007,21740,female,85.1570777997383,74.41607161583612,70.55348744340412,84.60041846855746,goa
2007,21740,male,88.80539625465187,54.9168892521812,52.480155144776994,86.72229977838849,goa
2007,21740,total,101.26825921078202,79.87761703335947,75.48741052731685,97.92018017969278,goa
2009,21740,female,108.34153586883046,86.55583426241883,82.75146205531708,110.85206819013682,goa
2009,21740,male,94.76981807833803,72.14348401804534,70.42663470434616,94.50336508270516,goa
2009,21740,total,75.77834842362842,59.77950711918102,58.02364190023051,74.80097547584843,goa
2011,21740,female,120.16389150525627,83.22156888091342,71.57713251074065,116.66782525344388,goa
2011,21740,male,93.81702128996169,78.23380103250464,70.68987506192519,91.0682660969294,goa
2011,21740,total,121.82960100889504,92.25589053999316,81.73246764660551,119.3169204545608,goa
2013,21740,female,67.41550184418365,60.56750200346527,55.07456321871397,67.05660429317284,goa
2013,21740,male,66.25692861830477,62.1883383515882,56.546895154148935,65.78704126020584,goa
2013,21740,total,71.56245151731018,65.42354704474053,59.60314338537287,71.23201001564779,goa
2015,21740,female,87.95202294244928,73.99134259308939,91.76535081368333,106.74409434882392,goa
2015,21740,male,71.740913257174725,44.15999074473811,62.32329642511794,90.57610882996354,goa
2015,21740,total,89.87035841995309,63.09779845318663,88.08818703167654,114.37122255501096,goa
2017,21740,female,12.430551350900265,12.492703479607354,14.730984667432308,13.695980831932342,goa
2017,21740,male,16.68477339956925,16.424341734818405,16.741539651731213,16.826160509749965,goa
2017,21740,total,16.041633578481918,16.317638907758433,18.169238368653183,17.033753300899946,goa
2019,21740,female,28.953772305744685,21.484822750100392,65.78028204964401,101.74252278203554,goa
2019,21740,male,44.12521957015653,28.851244788320795,51.17566810303045,84.78502625127456,goa
2019,21740,total,38.229157325134985,28.26746426878983,60.99588816807055,83.18694441721112,goa
2021,21740,female,82.57389720368664,64.60568324133091,62.235420656077,89.29153925222538,goa
2021,21740,male,80.38494363628836,64.4018090101843,62.37862909889207,82.76008270360283,goa
2021,21740,total,87.46192844080174,68.89391182764719,66.98964782439839,92.93442253847071,goa
1990,30420,female,35.50559239069534,29.181952433501507,32.256442102136255,39.74406695714917,goa
1990,30420,male,30.949975286223545,20.450004721595473,19.45701231811685,29.977245026062786,goa
1990,30420,total,58.1175042336581,36.2449057734966,35.9398149316426,55.93279165615518,goa
1993,30420,female,26.374227165905307,24.276688621904235,22.641325676253096,23.444457769812058,goa
1993,30420,male,23.03645255484459,25.86450148990472,20.66998743895035,20.316622056663892,goa
1993,30420,total,45.661048194358386,43.650989753209195,44.4210419736293,45.85271083872887,goa
1996,30420,female,57.946572994467665,62.68772055024901,71.5852235778613,64.10155102943986,goa
1996,30420,male,69.72502926084029,67.59972363900457,68.4206645312951,71.74972581915027,goa
1996,30420,total,107.60922587521992,112.36474910658052,141.50328353888048,130.77562425087936,goa
1999,30420,female,28.4663748508167,31.29130090500725,36.81124572934631,33.448093185028526,goa
1999,30420,male,42.29398646982502,46.12518587207512,43.14048599677355,40.67353194988942,goa
1999,30420,total,51.100427556710656,56.15715170559916,66.07011830002871,60.42852371367165,goa
2001,30420,female,54.62311189243626,55.0704816784388,56.31905212025034,55.05893423106413,goa
2001,30420,male,58.48888429579869,63.14070974053234,62.394200048216305,56.26926610479276,goa
2001,30420,total,102.8435226330228,107.212699526198,110.63955660669826,102.05524014245742,goa
2003,30420,female,14.962319921244983,16.032526784895563,15.752395152049033,18.776022809254744,goa
2003,30420,male,24.919929752665972,24.972954151629743,24.652037345486132,25.944274294677314,goa
2003,30420,total,36.81410169815684,38.636553739672905,38.45377165005151,43.98240373078719,goa
2005,30420,female,45.299873505703815,46.20218168857514,40.15478600678213,39.80448950994386,goa
2005,30420,male,47.35783778552212,46.305707669130115,50.77203072679354,51.705268264546795,goa
2005,30420,total,78.18363388728298,79.25689199634812,75.76673995832891,74.51834469885335,goa
2007,30420,female,113.01006138917646,113.0187648076172,111.24642059948968,117.84616275629791,goa
2007,30420,male,86.07468377440337,80.89192601550235,95.49865599685567,101.17414967318128,goa
2007,30420,total,149.40668872825137,142.8161653836924,178.08524607206928,196.67559972620785,goa
2009,30420,female,127.4272380872234,110.47597081863869,102.9043632321289,117.74571464128088,goa
2009,30420,male,114.20445197959722,104.8995823536326,108.2505595751547,115.64401088367022,goa
2009,30420,total,199.0842489930522,170.63235394296967,184.20841377448417,211.6768296556976,goa
2011,30420,female,58.33636084038227,60.54014421774611,77.50562332501252,79.40398619959755,goa
2011,30420,male,56.135954135920315,57.51659768418256,56.6756104770394,55.889249131236134,goa
2011,30420,total,108.079422740611,113.51575218495324,127.13617875324898,122.8480507587216,goa
2013,30420,female,78.70558363684064,79.5417168277694,96.31104217007469,94.7869233670014,goa
2013,30420,male,70.49961219279241,73.47782005813063,85.61227720989665,80.44787638675297,goa
2013,30420,total,117.3685665009498,119.43076329656762,165.76395294254877,162.2530374152245,goa
2015,30420,female,95.99411230176804,94.355950275927,107.37002978597774,104.28170236756483,goa
2015,30420,male,55.84932819158096,56.289382087478415,70.59743274192958,68.70443792533513,goa
2015,30420,total,136.96522278313245,135.21761094768272,164.09200535578844,158.69881763360212,goa
2017,30420,female,80.37514400806361,81.13916478401116,94.62265937463812,94.54539756501788,goa
2017,30420,male,70.74655558545619,67.55608896557267,74.27953367144731,78.40665399455371,goa
2017,30420,total,141.56712196679106,140.8184626414923,157.68193785260675,161.1604207923791,goa
2019,30420,female,65.82951734329258,69.46621724017311,82.5866181061154,82.16868994157632,goa
2019,30420,male,63.84217790105014,66.32238702123607,62.38701006325645,64.81058504784464,goa
2019,30420,total,115.82124030510964,119.93732466244931,138.3258607630856,142.19094933514077,goa
2021,30420,female,95.21577687093632,94.9128546540199,95.60344748270096,102.5634909173304,goa
2021,30420,male,107.65031625998849,99.96059730591976,97.35394893698776,109.02237922561145,goa
2021,30420,total,176.82163835589012,162.55111285160436,174.73414738353577,200.357182321521,goa
1991,21720,female,28.655351092027633,28.480076686389875,34.41944212027375,36.049994630067374,ai
1991,21720,male,41.282255505434215,45.028432699733834,41.96267077790557,47.358270075164526,ai
1991,21720,total,37.69758282329936,39.34313240040242,42.060459603084965,45.565177282528424,ai
1994,21720,female,28.465461301704877,26.466663225918317,24.91386124720755,28.121153394124757,ai
1994,21720,male,21.3693536181355,20.39421115697906,21.0716722907921,22.00883809321681,ai
1994,21720,total,26.312753144117135,24.726719500744373,24.23843809911813,26.074957968726448,ai
1997,21720,female,58.06664752024289,54.40380987647758,51.836519576402395,58.55941161236852,ai
1997,21720,male,54.12158382498965,56.34286101312953,58.38201491658848,56.10987921080542,ai
1997,21720,total,68.0850289076345,67.63634274431895,66.80246345602387,68.26539235441902,ai
2000,21720,female,97.55768141666616,69.1912252759469,87.50877397434019,121.03331881414492,ai
2000,21720,male,70.95905955520347,58.64048436674192,91.20500737365452,105.51122993329344,ai
2000,21720,total,111.29518151605144,77.41069738638372,121.07844277400552,161.72053122001964,ai
2002,21720,female,134.00058829944925,116.56871313126014,108.8094307910686,127.6522931534509,ai
2002,21720,male,139.5592591743759,115.35292050258722,113.6600736937226,147.917709077075,ai
2002,21720,total,169.03077979631684,138.2924793006146,132.68984103747346,172.38450197409102,ai
2004,21720,female,115.97015980128842,95.08835938488136,100.77454445682686,113.6624788262245,ai
2004,21720,male,88.41914681555679,66.75375094715142,85.70727920527597,112.5878131564724,ai
2004,21720,total,140.25702085136547,99.13411049806902,126.1490582521268,167.69815629127456,ai
2006,21720,female,67.79106399139218,65.39787870284833,80.21249244075962,82.97947005071624,ai
2006,21720,male,89.14538547960738,87.23960749142586,81.032381556028,84.97978725615243,ai
2006,21720,total,103.08042017137004,101.33548940883333,107.24668977107048,110.6886774193215,ai
2010,10110,female,85.02017463657573,85.36087279033897,91.4041052347456,105.6594582258009,ai
2010,10110,male,34.02025192925745,31.440646181075945,45.174209543578975,47.88266368223922,ai
2010,10110,total,74.45968681315962,67.7357908552583,97.90549249954228,106.68226270447754,ai
2010,21720,female,89.16941197198624,66.49125616071433,78.81244955392688,99.6042086461676,ai
2010,21720,male,90.85830814173262,68.68184933367831,84.9722966800847,105.77922249901803,ai
2010,21720,total,127.31876228814984,83.43419821794934,112.91220610116052,161.0934687262183,ai
2012,10110,female,67.6065525491231,62.05791463869584,71.18149492325732,87.36885396878982,ai
2012,10110,male,46.14934338615526,44.22654314031202,36.6616527000152,40.31210176872008,ai
2012,10110,total,96.72947091666,85.73228898504995,83.85058914923783,93.20412444585986,ai
2012,21720,female,73.976181692926,58.48032533039395,60.87592633228428,82.87014223066002,ai
2012,21720,male,67.5954677805034,61.64957222151038,75.81537327491056,83.0068741706135,ai
2012,21720,total,111.7787445252831,86.62610127913928,92.03454018512424,122.12113897482811,ai
2014,10110,female,56.518948166372546,55.20254564340976,72.36999563196494,74.32908778140701,ai
2014,10110,male,38.31200167101758,36.500835706813504,40.47072483831799,47.582674190523875,ai
2014,10110,total,82.53135458059585,80.79110456348778,105.74369356537632,116.13213313865351,ai
2014,21720,female,85.50190022329939,76.63580135246846,82.90125719069611,100.97686763487168,ai
2014,21720,male,91.23528945762666,93.6627949046596,97.74773420308053,105.19779013511754,ai
2014,21720,total,133.0294739498281,127.20768174499672,136.17677370906412,154.11516969367491,ai
2016,10110,female,100.64166723463109,94.33549505436294,115.33880516233629,139.07581848147552,ai
2016,10110,male,48.64899170955318,49.521034845004536,50.99162609962712,52.298421138903215,ai
2016,10110,total,110.64595659899314,111.41147073384666,123.23202310646636,133.76439683771804,ai
2016,21720,female,126.7294240249111,139.17294796901515,110.71630735066688,108.39573253895078,ai
2016,21720,male,101.58047954074486,96.46436053712652,105.03800529035642,106.7454370967622,ai
2016,21720,total,174.32402978664473,173.56631092079093,153.33100789857664,153.2473407710509,ai
2018,10110,female,98.19431215141572,108.11126420704444,131.2132614107117,129.30995650320605,ai
2018,10110,male,73.80340766716134,69.29023743810323,81.303257844461,95.45301175186935,ai
2018,10110,total,134.45776677196977,142.8122489823713,191.3256082357295,192.16143652441536,ai
2018,21720,female,87.57449508433355,82.46576849589285,91.96548813535976,143.12516512190498,ai
2018,21720,male,55.926382851677275,61.6251429734506,101.7996732896341,131.94727152382427,ai
2018,21720,total,97.5610366605371,102.77130894495944,135.38986154114437,218.79703761419,ai
1991,21921,female,23.42105644664174,23.259722246539397,21.580440705357535,21.556073462541377,ai
1991,21921,male,22.362372030515584,26.504434620867567,19.424540429543796,18.45767734029037,ai
1991,21921,total,34.619261029572904,35.8711415736282,30.687320616321273,31.518015519969996,ai
1991,30060,female,40.4939048963748,36.07830362351187,46.664593416035295,58.299314905885005,ai
1991,30060,male,66.18128097902172,63.812247480702226,67.3891168536444,66.73332870627027,ai
1991,30060,total,66.15028345863814,59.41617054735312,81.08707187141746,95.70785235600692,ai
1994,21921,female,58.18170641159289,53.55470520836758,56.52389281387149,61.378992232140064,ai
1994,21921,male,43.02706191132486,40.750390339518965,39.04645823326895,40.92910798080725,ai
1994,21921,total,69.33202037400088,64.12873826440055,67.99323519125807,72.62917632549956,ai
1994,30060,female,57.65468300170665,57.82261388908106,83.56303755827611,79.05672877634638,ai
1994,30060,male,113.6961672343479,102.02541258547976,82.49502570549583,92.692278753909,ai
1994,30060,total,128.83377744292446,126.2172420029991,146.04592507782917,144.96232287579457,ai
1997,21921,female,52.72391110976489,39.22082145643638,36.469740642732354,51.95996723882196,ai
1997,21921,male,45.67474084456751,29.20169974878657,29.394099849850782,45.68617339350261,ai
1997,21921,total,69.2186725275576,45.49545519612613,45.55522543611106,69.96635332659281,ai
1997,30060,female,114.6797544734206,96.31175412821482,94.4797202210944,111.30009469350829,ai
1997,30060,male,86.12910986500776,70.57601136951509,75.26278476050459,88.71608732696369,ai
1997,30060,total,148.94026192000922,112.5753773127292,130.01005398599077,172.3259349799421,ai
2000,21921,female,38.89233534260439,39.982914856362775,39.3962316641848,40.90434260851247,ai
2000,21921,male,23.718570437938777,22.31747274468111,22.670020881775105,23.055526863844715,ai
2000,21921,total,34.13110658503923,33.51008129479158,34.511358588358085,34.64004498053453,ai
2000,30060,female,120.18759169105138,109.87981768766792,136.95565696021978,143.04961279256767,ai
2000,30060,male,89.72658459363593,91.79576134444054,116.29290271318386,110.22228629023044,ai
2000,30060,total,138.96745741047062,132.1172829480497,198.65391053603847,199.5300241332313,ai
2002,21921,female,80.81612768086698,25.65759139079094,27.124892726441526,77.62917609587862,ai
2002,21921,male,93.86872871065408,36.09305072855645,43.326418611201625,96.28117936597752,ai
2002,21921,total,109.43287202343502,32.85820322717992,37.78794813034258,109.01847945869775,ai
2002,30060,female,36.0795587293336,38.311383586838474,45.79763671086134,46.981422368584475,ai
2002,30060,male,47.998962837499334,52.04545037333538,46.14278994747355,52.91123811971163,ai
2002,30060,total,74.81876147646507,81.75905452588634,82.86125650041716,89.6611763553832,ai
2004,21921,female,96.49585229607582,43.83521726499137,42.68915942693533,93.15246900610416,ai
2004,21921,male,100.45388486717498,37.27575373102466,38.490475258280355,106.37822885472092,ai
2004,21921,total,147.54218938064534,47.60811964129684,47.73093358998717,154.30334815326694,ai
2004,30060,female,168.24921380734588,164.72569466320417,178.64319754763494,179.11198448577218,ai
2004,30060,male,152.9462197267702,152.59298171063898,145.44250033477329,144.56808893863916,ai
2004,30060,total,252.21540273931507,244.05102360237512,275.1767854206273,283.4756616108446,ai
2006,21921,female,52.31953336184155,24.00480769431636,27.07285234712276,64.88612453227033,ai
2006,21921,male,62.950732142415134,30.19991261758867,31.458950999155142,60.60683680004102,ai
2006,21921,total,90.84239004902672,33.93135911004955,37.42150858592935,109.80012463475866,ai
2006,30060,female,84.49511441557853,93.74480530482062,89.46423093361375,87.45757587609594,ai
2006,30060,male,61.37346099008224,69.19181722361088,71.79741656201965,68.76220017302529,ai
2006,30060,total,119.35150810262694,132.1794781897081,143.90910024847952,139.33566167711737,ai
2010,21921,female,59.15641399888422,49.64635373435173,52.912498851767914,58.86860324833834,ai
2010,21921,male,58.053792796451006,45.09609599605548,49.41023607564292,59.01066370566857,ai
2010,21921,total,78.94863556057909,62.27666777246617,68.51924576453725,79.36463616078449,ai
2010,30060,female,128.5378097984883,129.89244665121558,166.4275759092069,159.9054996968826,ai
2010,30060,male,93.60999639782864,90.12730124354732,131.39434030647462,130.27433158285618,ai
2010,30060,total,152.20979995953536,147.7948318328955,258.71242967960626,251.40971590935175,ai
2012,21921,female,54.38491094915276,45.51554035107872,48.28690854756017,56.73380987828548,ai
2012,21921,male,54.756687089968146,49.733129262735595,51.62965349670391,52.78578536424193,ai
2012,21921,total,80.56256553710709,62.78124965339481,69.04785630497501,84.41394411241279,ai
2012,30060,female,123.09085266765848,120.42624954667944,156.30872409706387,158.1345317852801,ai
2012,30060,male,102.94062131714908,101.46828935078112,128.98869870922536,124.67435658335218,ai
2012,30060,total,167.39017296681686,158.53034288158068,244.8065696675647,243.15398924323793,ai
2014,21921,female,58.04784139554792,53.90873013738819,53.50373897439895,57.70754411673532,ai
2014,21921,male,50.50441396659352,49.51701790467817,48.83713086861565,47.79515845687826,ai
2014,21921,total,79.08934840766662,71.36593777122208,69.5920125626841,76.1202098165429,ai
2014,30060,female,130.53062178126848,122.90211835666372,143.61675551281493,142.79408317763992,ai
2014,30060,male,135.51028154542504,136.47188163975966,152.5411136881273,139.43140174362046,ai
2014,30060,total,202.0043763570393,191.0882141521223,234.49303543746407,228.92875400746505,ai
2016,21921,female,26.97365074744366,27.795291219129535,27.06450303504239,26.135729930007436,ai
2016,21921,male,32.25534245190864,25.692300850331193,26.18451539058268,32.80087973054806,ai
2016,21921,total,39.43384965307451,37.2167865698458,37.73267261593052,38.68060265366558,ai
2016,30060,female,106.01964517495809,101.01563281884252,165.94707033580886,204.85752125756332,ai
2016,30060,male,194.45324253456965,178.48367526445523,224.6410203556632,257.3378153292205,ai
2016,30060,total,205.25825613624392,192.79910207574216,343.06313793233835,429.059158098733,ai
2018,21921,female,86.81544202793677,70.79554101406532,63.16084073235924,89.95218232062797,ai
2018,21921,male,100.06724272085546,58.270846850588256,51.7490873981583,97.143724146212,ai
2018,21921,total,118.9256088048544,79.61507226768964,70.81855353475723,126.08849571752356,ai
2018,30060,female,123.57046666632812,121.24978691100571,143.5732504542178,167.75151824356422,ai
2018,30060,male,193.34979428642887,180.3938252174076,202.9408509269078,232.59131489200695,ai
2018,30060,total,251.3632795853076,242.4275377998774,313.3945453911939,384.8054260908413,ai
1991,21740,female,70.76540667120702,37.41108255687448,38.05354231490532,80.87627514726675,ai
1991,21740,male,78.53438663341167,33.39808097064908,33.77712858000214,89.54623936887656,ai
1991,21740,total,95.06662492366974,41.34143751495317,42.556177736144996,118.55854576591604,ai
1994,21740,female,78.26742390467695,64.80472302978242,62.38193972359998,73.68121977876213,ai
1994,21740,male,51.09072931365791,46.150022412094565,46.783360963778954,49.71978372158764,ai
1994,21740,total,74.06454051059175,63.63643103461427,64.19929882593625,71.61986611174426,ai
1997,21740,female,103.69130726453427,86.89960825977872,95.78737207511928,97.6904718035573,ai
1997,21740,male,81.10880794229676,68.39718385347457,85.78776771318152,88.13260890364612,ai
1997,21740,total,133.89522247609514,105.58529602518408,142.04736556495465,157.2026698470967,ai
2000,21740,female,62.29965779710886,62.54488465351053,69.96666395517285,70.349200737218,ai
2000,21740,male,55.82944098404447,57.892311992367574,53.29210901025363,52.13270923083677,ai
2000,21740,total,73.70199365818594,76.44080018135746,76.45614535617803,74.80727310729539,ai
2002,21740,female,155.7743547243203,145.09606481331517,123.0875333465926,140.4243392559074,ai
2002,21740,male,139.33328807341854,117.97108588172064,100.90435294740224,116.9069846709104,ai
2002,21740,total,207.5128656049735,181.04431279074709,155.4068494938082,185.7408329573613,ai
2004,21740,female,70.59444509014794,55.61967399786949,61.717330337604814,71.51724833545148,ai
2004,21740,male,50.39694755923146,45.38772002727463,54.87655422609884,54.304096061527474,ai
2004,21740,total,82.73349442543662,67.75243360152025,86.71119126603534,89.63914449486887,ai
2006,21740,female,62.43516122742091,45.76510067530791,55.82762091073154,86.83857446006398,ai
2006,21740,male,70.27261542364066,67.35671344705702,61.90153050042987,72.44727724243982,ai
2006,21740,total,108.08707022792842,84.59727151136377,83.93387663305758,118.08109196628284,ai
2010,21740,female,31.593804037472285,32.318191960413124,30.13718421400089,32.849402251024785,ai
2010,21740,male,26.536850860482502,27.426573182534824,27.27554754278658,28.41667272625863,ai
2010,21740,total,35.001817279723205,36.32785630402056,34.58588738332875,36.43322354948354,ai
2012,21740,female,52.10730026614958,44.29940903186191,46.040560951395214,56.43608155133325,ai
2012,21740,male,30.86080625366425,29.26055305209581,32.81984031161777,33.042356701877345,ai
2012,21740,total,45.56038565915121,42.48855591125504,48.74224266043447,50.42995954073385,ai
2014,21740,female,7.448160515352554,6.803506839030669,7.025759573894775,7.566654876913809,ai
2014,21740,male,7.960137607137722,7.580151492748825,7.712281248324706,7.961831521251212,ai
2014,21740,total,8.067414793967009,7.5732669382915425,7.679959929810116,8.008697331986554,ai
2016,21740,female,51.236887462773645,42.487132073963295,42.32046924297878,51.54185029489181,ai
2016,21740,male,20.270765970066133,20.363367042254843,20.03592910890333,19.772705198956967,ai
2016,21740,total,34.99566982563531,33.1142821423296,32.926118729333886,34.71381155723451,ai
2018,21740,female,35.6008450445381,41.88069312868369,64.40511902764386,110.9713066225814,ai
2018,21740,male,60.5684937536954,49.00395907409179,42.66079241887939,61.863353015257715,ai
2018,21740,total,60.0325059404508,59.350100168401525,61.454046021194166,104.55414758113076,ai
1991,30420,female,49.96057670527348,46.81291920337752,48.29412958744772,50.18291351017391,ai
1991,30420,male,30.346532161693037,26.752282068297657,27.059612779144835,29.91292623420028,ai
1991,30420,total,60.94002244920512,55.54494695092852,61.33801269643501,63.70714376924694,ai
1994,30420,female,32.18194033223538,30.579114577720865,42.1000077428414,45.19838631875706,ai
1994,30420,male,50.782838269412714,44.59442026975047,52.48155238485688,56.44826712026456,ai
1994,30420,total,53.06965176878595,48.87943581227673,72.27372807114935,79.7922301757244,ai
1997,30420,female,62.00095696843303,57.73437954615512,51.51255992326302,48.04279064438565,ai
1997,30420,male,54.8796085255066,52.14472960265763,57.385470081371864,55.21230634838893,ai
1997,30420,total,90.1157960387462,81.05321553051463,87.68140863681462,84.34732190668457,ai
2000,30420,female,77.54019017832732,89.67092876316683,88.04320538601526,78.03816614728379,ai
2000,30420,male,61.244282079183066,63.83507781593467,83.08725782168732,73.07272387328943,ai
2000,30420,total,116.87305345523882,127.82922562121658,147.73981075763535,133.81901982609662,ai
2002,30420,female,37.909895852683896,41.725737731218736,41.05961347044779,43.38846618898337,ai
2002,30420,male,25.786379452096902,26.459198290984205,27.518316284462912,30.901005878397708,ai
2002,30420,total,56.48828145588852,59.601367982611194,63.14374157251473,67.6040572527001,ai
2004,30420,female,80.76137436234987,83.96899910919527,100.47174489593152,92.31162599264262,ai
2004,30420,male,77.0298586822531,79.5340107878977,79.99443781114535,77.42052455817958,ai
2004,30420,total,132.06400171460675,133.5451273741509,156.40403581714128,150.80987933846234,ai
2006,30420,female,109.84623575967828,110.7528797766064,103.80075451582384,105.72148317146394,ai
2006,30420,male,84.46901371124689,86.79989068313182,80.09976601062512,81.83139177607019,ai
2006,30420,total,177.5890855383361,184.7692677574841,173.07320094932467,175.30735504792622,ai
2010,30420,female,63.10821643870961,69.04055390801771,76.3455793668762,72.00580849272069,ai
2010,30420,male,89.32139191706399,84.20216748568856,82.28970156855003,81.65840495944002,ai
2010,30420,total,110.05105795564153,114.18992557423792,120.71550148419504,116.86387382406372,ai
2012,30420,female,86.61005250940515,84.96363240996857,86.52182635433918,86.67062368120754,ai
2012,30420,male,73.74662790619648,67.67111602189813,71.86191227286794,72.46706117827175,ai
2012,30420,total,137.72790994846912,124.59128620932778,133.00599451469145,141.25029197133685,ai
2014,30420,female,86.35688529629209,88.40762373682468,88.43809359975123,83.07112639557515,ai
2014,30420,male,81.77280777344835,90.32667440676153,82.50420113610815,73.8463264906772,ai
2014,30420,total,146.14896790255534,149.6793030048561,150.0853562814143,142.66631515922433,ai
2016,30420,female,113.6238314934891,104.89523458779998,119.55901052857146,151.97537513423487,ai
2016,30420,male,75.871107366152,79.12049622517928,70.35377635298698,70.51343499250895,ai
2016,30420,total,174.47936127304655,167.84914226726195,180.32982643842345,212.808975861386,ai
2018,30420,female,133.8237836866243,135.68317812314626,148.73640041002457,152.49067272968452,ai
2018,30420,male,65.0105684098236,63.138125278679745,78.43289639351019,89.79214311236036,ai
2018,30420,total,188.81979982714253,183.67810864039976,215.33433220830813,242.91331488124752,ai
1982,10110,female,37.62562314073238,19.63160461624629,19.551834710703066,38.93017291306087,bs
1982,10110,male,32.09236613773476,23.32434915542623,25.908467026899668,37.492585450543174,bs
1982,10110,total,54.62412653418242,28.937063326048925,29.338295305715832,57.17516401142665,bs
1982,10130,female,70.87246046889594,65.65657188833725,58.79981673576596,72.85824284908384,bs
1982,10130,male,79.61335256097242,71.76448635902152,61.0055747306578,79.19941698489208,bs
1982,10130,total,129.477909233194,123.06686739657545,99.20747899773896,117.17532589018307,bs
1985,10130,female,88.69203930694542,84.97276323712121,94.1611270188954,95.29551345953372,bs
1985,10130,male,93.035563758984,93.6533271662124,87.15583323033368,89.2479522831766,bs
1985,10130,total,163.2179940615121,146.04907650984669,152.63821125230442,168.0596279477094,bs
1992,10130,female,64.54345252957832,53.19344284797258,60.208902760542394,79.29535518081583,bs
1992,10130,male,56.018738404131014,55.69912527126816,53.7867306594883,53.76218371601515,bs
1992,10130,total,99.83878117973188,82.38536534719671,90.45601337214129,113.8331266316582,bs
1993,10110,female,36.28843516328334,21.693642746479956,24.266273447631157,40.38962476385663,bs
1993,10110,male,14.622846195828515,11.093493386603138,11.884394046924935,14.682911321472474,bs
1993,10110,total,52.138734200186306,26.80619000874593,31.57419498771711,54.04029986789987,bs
1993,10130,female,21.49178640131568,19.659138009490256,20.449760001921003,27.653991730603227,bs
1993,10130,male,17.759138499140093,16.849602161072124,15.175919055582314,17.250337386669916,bs
1993,10130,total,36.02728676597878,31.633804502813888,34.71845033339698,49.20012830892094,bs
1994,10110,female,32.87551250971153,28.33384543981044,25.05932880047759,36.509922314063424,bs
1994,10110,male,10.533718275857018,10.210095858921145,7.913292964446536,11.521798999966094,bs
1994,10110,total,45.108011843065206,38.20334641405209,36.86181122250264,54.44329538400017,bs
1994,10130,female,73.89395114322484,64.82429322711374,61.72001107037184,72.87987450217524,bs
1994,10130,male,46.885270904615695,42.09069805183511,44.4779989730503,55.79967165125582,bs
1994,10130,total,91.98315244731216,75.43673633398,86.70369722192437,110.74821620426752,bs
1995,10130,female,71.40503713970918,62.048021127044095,57.87982492335319,71.33637639103567,bs
1995,10130,male,60.54792546554996,54.9229448705197,57.01334453690107,68.6054839299367,bs
1995,10130,total,123.9303137462449,95.3657866625717,95.76891883522916,129.42139479375132,bs
1996,10110,female,42.588597476420446,32.368808737804464,33.52350177884168,53.34640467430833,bs
1996,10110,male,21.440128955733684,19.202584987643803,21.33681551121146,27.02419554116893,bs
1996,10110,total,57.68644750904585,44.61428044883407,45.48737463579064,68.24526002171223,bs
1998,10110,female,65.74340361544569,65.01412778894017,57.28279112120705,72.85610162429573,bs
1998,10110,male,22.12330508370536,18.44960590990483,19.770000716081736,26.274275504982835,bs
1998,10110,total,76.50384829944778,72.35385940238024,71.21523122128966,89.07342640169185,bs
1999,10130,female,74.35708939342783,74.83642687956372,69.97037847779283,78.81463943248956,bs
1999,10130,male,71.01569977669718,65.11359250997452,61.38604793805399,63.11458947939691,bs
1999,10130,total,125.36260013412888,121.88411515746397,117.2270875091152,125.40399945533308,bs
2000,10130,female,94.0987889739054,80.18162914232823,71.95827460445295,91.04064780768684,bs
2000,10130,male,59.20597317198008,57.01517673788055,62.501935726067,65.96249285761702,bs
2000,10130,total,119.66884171723471,106.28627790368768,107.3570953876866,123.99445253854266,bs
2001,10130,female,117.02184604438727,113.67165393366894,91.75974192322327,106.34406671881962,bs
2001,10130,male,99.97890809083846,105.726659570216,86.6753651761386,83.4488048796499,bs
2001,10130,total,196.39315531563096,197.20223672574917,162.98185867320217,166.88085508821894,bs
2002,10130,female,87.01841102946828,90.63007007430431,95.51538103517711,102.14252367253413,bs
2002,10130,male,63.67036795971094,60.69631282469832,52.69686306084106,56.743844956065345,bs
2002,10130,total,130.14057084475326,129.22149737107006,128.12604287033156,138.77102498525718,bs
2003,10130,female,44.81190179560837,46.159301535128975,41.16508134383546,52.944766803953215,bs
2003,10130,male,39.00594462348868,41.895635671536475,42.27037212940146,46.71985258813763,bs
2003,10130,total,73.77294183321528,77.74294437325139,76.59486848744085,91.40344110948612,bs
2004,10110,female,143.98671935165063,130.85712867626816,127.19412342777574,155.50441258130311,bs
2004,10110,male,78.01122311430969,61.54558045898057,68.73447044597323,96.96731567447952,bs
2004,10110,total,191.8833588979515,154.76159258005666,160.31714816986263,213.53457258200575,bs
2004,10130,female,89.45391455337818,72.71151806433859,67.30068939072969,90.61131557705042,bs
2004,10130,male,67.1740426692022,54.42025775511007,53.003634122042065,72.05620282914762,bs
2004,10130,total,126.64413659194676,93.01138284430544,94.31815825469592,135.21841382558824,bs
2005,10130,female,102.69923687285264,94.63109340277585,79.38891067189789,97.395707457622,bs
2005,10130,male,60.11816580331632,62.68417946045961,64.07545180842435,69.40126834568744,bs
2005,10130,total,123.93330728841036,118.68526750411556,121.29735002709263,138.18645481309065,bs
2006,10130,female,120.90588301883837,108.86683728956352,97.82378385909834,119.08697288127613,bs
2006,10130,male,92.8526838409244,85.59790789714685,82.43642925731712,104.80064948477796,bs
2006,10130,total,182.3454487820401,159.32412814911262,147.02649279808892,190.59379934667717,bs
2007,10130,female,125.0685674877272,141.77778411937845,120.68585110722672,120.4526075607002,bs
2007,10130,male,82.43615577650378,90.70797217768327,94.85534687401496,93.03041296857248,bs
2007,10130,total,172.81983558211695,201.3486538577143,182.90359250850267,175.6040682915774,bs
2008,10130,female,104.51989270080992,118.82359472420067,99.61968495808642,95.80573135084153,bs
2008,10130,male,77.84302369416086,78.20697408145908,67.65841581703792,72.61749478682636,bs
2008,10130,total,155.94757318610965,168.79519362225952,132.67873021661117,136.81882749031024,bs
2009,10130,female,110.43831442946409,106.63019662572832,135.94441577389637,135.18596031012018,bs
2009,10130,male,99.10492516068948,89.3620867335422,103.59915456766733,106.44486350274764,bs
2009,10130,total,167.70149157705356,147.41197882010056,222.685001196848,233.42609050112503,bs
2010,10110,female,94.263590458866,63.4461546095367,89.28332787635543,137.56678596616462,bs
2010,10110,male,67.48797632640219,53.34173860049059,56.78817076526784,75.49431998174325,bs
2010,10110,total,120.1450814440492,74.10041686764096,108.32122946745356,199.407934929155,bs
2010,10130,female,113.09851601672368,111.96760023158105,132.26152615815826,136.72532849554707,bs
2010,10130,male,105.94651763865215,104.2531222656455,92.95850038409112,105.9688569741508,bs
2010,10130,total,181.87136185556372,180.37171642498893,185.26736738194768,212.4182013844468,bs
2011,10130,female,149.95869349220612,152.88309954362623,135.13541446002804,127.82540016618456,bs
2011,10130,male,128.93866027852476,128.90469846079318,109.24071550698348,112.72326033383324,bs
2011,10130,total,236.527593194826,230.92612313905175,202.7512098953567,204.30531271306037,bs
2012,10110,female,148.5657508854338,61.877023654534504,67.16583777234881,196.11922308850728,bs
2012,10110,male,89.76245149974866,62.09440699282292,62.04782212365458,108.01333933880592,bs
2012,10110,total,190.27920167318788,77.67690270237274,82.13531754805035,259.7386436037542,bs
2012,10130,female,91.8805000152365,80.8128000337162,94.10292279198818,109.23915397725668,bs
2012,10130,male,94.05398964774145,88.39919933257246,76.87340066174237,88.01147918178685,bs
2012,10130,total,165.48838234677092,138.50367340874308,149.12773331953284,176.1277687672711,bs
2013,10130,female,121.96455338398457,113.74239014890364,115.88600885094309,120.69963862544178,bs
2013,10130,male,90.607097958252,81.65470420598143,103.98353613300256,111.8909289533273,bs
2013,10130,total,157.66427837903368,136.4024924039511,182.32552820896328,197.88551800126808,bs
2014,10110,female,109.29015493694313,110.50140227062602,98.58306808425154,110.46332473342814,bs
2014,10110,male,52.9879915267994,49.096655282073975,47.15723895601372,60.53372761563324,bs
2014,10110,total,147.87614739166554,157.3747581236285,134.5631195135905,146.77154546586453,bs
2014,10130,female,138.29879913857383,125.76893943634828,129.02609409297705,140.86632812780672,bs
2014,10130,male,129.33979705482662,124.18525528165628,113.61008755950311,120.28889580433756,bs
2014,10130,total,208.1356737344571,187.61943669929863,194.27917491372608,213.973265160019,bs
2015,10110,female,158.83408059417434,102.42831682566823,110.00172653241256,177.88468898246953,bs
2015,10110,male,128.6499165540055,84.03296132219847,82.92832399842636,124.38452236339636,bs
2015,10110,total,242.6531892439691,134.69745092241922,136.52552740899793,253.01067421817584,bs
2015,10130,female,94.57438889779904,98.38166898206896,169.5684305404541,180.03327372035486,bs
2015,10130,male,115.69693334106422,113.29212882316722,119.94172226628532,153.00652874654216,bs
2015,10130,total,173.36571429915665,178.24705787175543,265.3915363406857,312.8407145005762,bs
2016,10110,female,232.6543986965416,215.53029049214985,240.08706861442016,331.3678623275299,bs
2016,10110,male,47.299813254869456,37.266563878986915,83.88895636964598,96.60641130039834,bs
2016,10110,total,185.9774939334469,163.15190052856062,322.9717553834578,377.3673953870384,bs
2016,10130,female,131.8297790886494,138.1218763298438,184.0165028749632,187.8450183003999,bs
2016,10130,male,70.39707518378742,59.1620576202552,123.22437957134872,150.7068486280469,bs
2016,10130,total,136.24534561921865,121.57179556342908,288.98980591256804,319.13455589421943,bs
2017,10110,female,110.17881253806816,97.80443738078375,127.83894098958464,179.29880394189476,bs
2017,10110,male,57.76191195666735,62.65429913175198,62.10906234041216,61.6337271261035,bs
2017,10110,total,146.3408276455459,142.666498999687,185.03807631713067,210.51326001072744,bs
2017,10130,female,115.34274269657942,113.6552949260237,152.874692679986,161.2913036069212,bs
2017,10130,male,97.96181949203628,113.16868439693386,118.58493506692317,126.36988728825644,bs
2017,10130,total,177.16482514907673,180.78966843325048,261.468185455442,281.63334073999107,bs
2018,10110,female,221.22221393779176,257.3374971682052,292.46304942917226,335.92719762893154,bs
2018,10110,male,68.91630846684572,61.735540837553245,77.83443940404545,88.98782211406294,bs
2018,10110,total,221.78794831582508,240.63374895146777,318.1172481993221,356.3927909202616,bs
2018,10130,female,125.03088101900089,98.63734174299395,130.3199617515692,176.00281871197012,bs
2018,10130,male,111.58802887064634,112.56218707377047,178.3878912636449,218.73530389278665,bs
2018,10130,total,184.37218893887297,164.052968029446,284.8191765375604,371.62207812431745,bs
2019,10110,female,179.53546752489416,120.9258160528058,116.67424530808364,242.5032059890896,bs
2019,10110,male,36.29896774621548,17.44032398516537,26.399256712249368,115.5811966786976,bs
2019,10110,total,132.82278320552714,65.8958504525408,88.71233724706094,322.7532015169692,bs
2019,10130,female,115.56335669295876,92.37054365602876,110.05679815028832,167.68980897394113,bs
2019,10130,male,158.93792580581126,137.62772894124538,142.34005102077742,181.79891302533676,bs
2019,10130,total,207.57689046982404,156.17625338102832,191.4572353146602,305.94166458140893,bs
2021,10110,female,79.72403215021278,66.3440095577657,141.41033263351457,229.4423126956125,bs
2021,10110,male,40.49623056001967,33.35772043021358,48.90177866252921,68.29598010835078,bs
2021,10110,total,75.79646826989928,58.897351451812,121.37726407717938,235.1536532098956,bs
2021,10130,female,156.4290794040133,118.6720209683488,172.36983907959075,215.5005333158025,bs
2021,10130,male,177.734724953811,193.36715340838987,186.4638954484103,186.31278566669863,bs
2021,10130,total,265.5490908488685,235.50625294469225,288.51987101415955,315.11446854767007,bs
1982,10210,female,165.1218904612126,123.75994522589386,110.0958681101203,154.48392247278744,bs
1982,10210,male,103.75119238383392,64.23857118541746,57.2381673996587,99.5678522310128,bs
1982,10210,total,212.3757486287849,128.02210674647762,117.90520148740742,221.21302344610663,bs
1983,10210,female,113.85134255603334,80.8621731019954,84.20306603798812,110.40918230830204,bs
1983,10210,male,88.8636303141262,59.27188647700249,55.65287263766178,78.18304099383485,bs
1983,10210,total,166.6261592535659,103.83186119064248,107.22284668476937,163.50800508203585,bs
1984,10210,female,158.68470842790214,125.1139910551206,116.31459562129564,139.97080782684915,bs
1984,10210,male,98.92428718067916,85.77867232776278,84.71697863035757,94.323950444912,bs
1984,10210,total,215.963545458178,168.78987055299726,168.578335711216,209.99756688619263,bs
1985,10210,female,148.33958695381895,146.32090018892256,125.98497166436508,121.66058297967642,bs
1985,10210,male,110.58150261024754,114.81993081057816,101.71027393773076,94.326142672395,bs
1985,10210,total,212.11373717928305,215.51952484736137,189.99482888523403,180.4698702622003,bs
1986,10210,female,162.77439820167496,150.27328652930782,147.21288871979343,159.41887973567313,bs
1986,10210,male,115.1787465867399,94.28273803002868,84.62060576746643,112.3046533486954,bs
1986,10210,total,219.84473653404336,179.4314424211962,178.77798084412933,237.2090132561503,bs
1987,10210,female,107.69262522722202,106.87430446736472,111.02231959857995,107.88067402925904,bs
1987,10210,male,102.83339655812304,99.81150064752454,92.5741716795636,92.39293314930538,bs
1987,10210,total,162.9716981339566,154.97983412224684,165.60251891439142,162.43215617817185,bs
1988,10210,female,95.35948749901512,68.54717944176376,70.11648562962625,102.84738353003046,bs
1988,10210,male,60.869762420487135,47.734178558326875,49.41718532094446,72.49079945779609,bs
1988,10210,total,115.58657004803148,77.72729485481045,83.62276065145436,150.73171023217503,bs
1989,10210,female,108.0736247084428,83.50872270923486,110.15016342898376,165.0100033304543,bs
1989,10210,male,70.96300707593757,59.04299086615669,82.44600727931746,113.25464973475488,bs
1989,10210,total,115.56879522646004,87.96699306339539,136.87767426228527,231.99974309987337,bs
1990,10210,female,96.16481902255109,68.07165559134576,106.4853008155266,158.73174284945725,bs
1990,10210,male,84.13972392947788,54.88260298919225,87.39301014138235,150.64042030455497,bs
1990,10210,total,117.33640983872876,71.93632467441766,128.55990522870707,267.65033079553336,bs
1991,10210,female,68.99364512452142,55.64204560500948,121.95210059432468,165.08296033282326,bs
1991,10210,male,56.02162050196891,48.0148240005043,119.19202415696653,164.24794639898894,bs
1991,10210,total,75.17497308165298,61.1261773926428,184.58203071811636,290.6365801299862,bs
1992,10210,female,88.64589761648516,80.62621382620395,120.5587858524173,137.0819418627797,bs
1992,10210,male,62.5302468167092,59.970923379665145,87.12999039514425,87.51373065354238,bs
1992,10210,total,100.81321332204088,94.17927679945164,180.01254777539543,191.36800857528135,bs
1993,10210,female,56.183526813745466,56.22872890463316,109.73904546614868,105.9855093000362,bs
1993,10210,male,38.12739250744643,35.99058279184789,63.05468804063519,70.57600826618054,bs
1993,10210,total,57.06308676409772,55.428456258521486,135.8336985706918,137.46889702548373,bs
1994,10210,female,62.60976279458796,66.04506970310857,94.83354265535978,106.04703479458824,bs
1994,10210,male,56.888714004147445,62.43265368502915,98.5017395731046,101.39682515132658,bs
1994,10210,total,79.4213487950886,86.95779233055443,173.05271894865382,192.2816612112171,bs
1995,10210,female,80.25539761604375,74.67066013875255,135.52300519152877,156.29465703562695,bs
1995,10210,male,58.77380337474745,51.82739319829136,94.21882439380782,109.8856928633872,bs
1995,10210,total,90.14850047869083,79.40561610030748,201.9554437363994,243.84272584301107,bs
1996,10210,female,78.6980215451034,68.67289479408468,124.79821940418148,156.52216458142647,bs
1996,10210,male,91.45781717272536,86.12117657747574,124.04263103214696,143.1908064126107,bs
1996,10210,total,109.60670943950252,99.41235371981136,212.4377784864172,255.9676465542357,bs
1996,10261,female,103.81154910705575,56.82417647570758,67.94568326526996,124.3362889018602,bs
1996,10261,male,72.49072370128962,45.698637648345546,56.588103437379694,85.97245930731434,bs
1996,10261,total,128.78243976339806,64.01276941968403,87.61465080184165,186.67685392210728,bs
1997,10210,female,75.64315788618808,71.47357661589737,72.94549358300527,84.72895087695335,bs
1997,10210,male,73.17771526614578,74.0403597751445,83.53955445583702,88.32962750356306,bs
1997,10210,total,112.72230730513743,110.31171705597254,139.8478100234928,157.54610763068658,bs
1997,10261,female,69.93879174556524,46.986723178410166,59.65445114624734,88.59491487329304,bs
1997,10261,male,42.0372680551644,31.323210517625167,33.98595399813904,47.71858726224245,bs
1997,10261,total,83.47420727378672,54.13572190897515,69.19637145717688,113.53380775994609,bs
1998,10210,female,115.45264361965016,90.25159182128948,101.4861902853787,136.4406622312461,bs
1998,10210,male,106.67700500570125,88.18165980210226,82.73051578931555,104.68033350843888,bs
1998,10210,total,178.21357049690383,135.75257333076948,157.70969762414896,217.9260517974957,bs
1998,10261,female,69.78585304323559,36.301448518766435,42.288766412366634,83.48033811940847,bs
1998,10261,male,55.12438744298801,39.955618885170225,40.80847834722755,52.83542605959106,bs
1998,10261,total,110.5838857546763,56.48993548702114,63.04913607810385,120.01892188352042,bs
1999,10210,female,111.5179087498062,89.30819847649255,134.98361511109303,184.9095509025917,bs
1999,10210,male,120.40831772339564,89.19368486961561,112.97487063364404,162.17224818715778,bs
1999,10210,total,162.38752696405658,118.09712421194205,193.04194402910196,316.17408191951813,bs
1999,10261,female,75.25643754689872,30.11902706518455,34.32029858062312,101.29237035843968,bs
1999,10261,male,55.366456188708305,24.55239123996302,25.30825599685582,56.88855403854237,bs
1999,10261,total,102.20886673970404,32.61464862475864,36.09812561623784,146.42254592406422,bs
2000,10210,female,116.10632409408088,108.92268642136597,99.51584751345275,111.07780148461084,bs
2000,10210,male,81.82196435818514,70.51798650477801,64.27996534480987,85.32567939324805,bs
2000,10210,total,181.24946197410856,151.5982762925871,141.00953858743327,195.74133945318687,bs
2000,10261,female,75.84983574454047,47.96059096275399,47.56455701603308,72.72881144409281,bs
2000,10261,male,52.83261651096328,36.690503668953305,36.2943617072957,58.485006564148826,bs
2000,10261,total,101.84685404987331,67.90632289013027,69.55671122191875,115.21165944337808,bs
2001,10210,female,127.70750768620836,106.24416685813624,106.5618875996899,125.155165208133,bs
2001,10210,male,94.32885273120397,79.76089434883787,78.58818010940584,97.51075486309624,bs
2001,10210,total,174.42290425339513,133.8939614853886,140.85254849126332,194.1843912834868,bs
2001,10261,female,71.85652496422162,42.53160703977562,48.94047895127626,91.19057052675466,bs
2001,10261,male,59.19768290467048,42.00293176374054,42.892653018191794,60.27515788015768,bs
2001,10261,total,116.3623380065515,69.96823682504034,75.34660239214622,131.59240452179083,bs
2002,10210,female,158.10057406889112,122.89976159828484,124.13265594244676,180.00117149140831,bs
2002,10210,male,125.67513689303368,107.5348606977958,102.39855280325466,118.07733574298209,bs
2002,10210,total,217.23456646502527,169.89955573564427,181.66659648181897,253.0828429684771,bs
2002,10261,female,76.07386932375069,52.98091797117812,65.61704950068166,104.93366353823764,bs
2002,10261,male,57.67200335355038,37.10583755014521,38.071594188529716,61.34165450359302,bs
2002,10261,total,102.5551232669993,59.81727950592338,72.81721589338761,153.92787794848095,bs
2003,10210,female,114.18637670308948,108.03364607581013,145.84131087073456,163.71704954710845,bs
2003,10210,male,75.43673113523785,73.36606645064148,107.43250393926397,109.78660900613504,bs
2003,10210,total,126.81098135397563,123.05189415176116,209.7123470131335,225.2616962644667,bs
2003,10261,female,79.65655896883415,59.912848153244944,82.96034517327472,118.68833006129334,bs
2003,10261,male,88.9784638811737,51.58713985485468,55.179780056266814,93.77458499463054,bs
2003,10261,total,133.146509856831,80.68905690627463,103.94056639435372,191.97758779294523,bs
2004,10210,female,135.79830950923625,135.2971852080477,141.94417757074973,149.413097271905,bs
2004,10210,male,96.17601743240444,93.27903870589468,101.96882516450547,104.07090623303608,bs
2004,10210,total,180.9903870895184,174.8905477990713,221.3206304739008,234.9514125730936,bs
2004,10261,female,73.63566127331943,53.67562685300896,50.82987529678989,73.55040204992989,bs
2004,10261,male,49.717115464941834,36.611562193260674,35.267659597747624,52.417683513143665,bs
2004,10261,total,100.61189504178324,70.39190825706098,67.07882096706943,103.90164159949332,bs
2005,10210,female,131.55655150403874,109.76280196082962,113.92598775312013,155.99367307043457,bs
2005,10210,male,77.38007118871673,68.61769943248889,91.8750638234224,117.37343292922382,bs
2005,10210,total,145.86236425156667,125.0888145400736,167.97764419920554,246.4889169257696,bs
2005,10261,female,113.6607926752162,84.53812734445678,76.28882871210587,111.48916265812817,bs
2005,10261,male,71.99359382317222,36.13325975156501,33.38415830194601,76.05579839221116,bs
2005,10261,total,128.2792301822472,66.48907161297731,59.9589309088959,127.68953837798676,bs
2006,10210,female,84.90545987087346,75.24790288256969,79.35905063315727,100.4499282833426,bs
2006,10210,male,85.05493344352571,76.76276482333058,69.44706936518484,83.68515502764485,bs
2006,10210,total,147.39889799831383,124.89608024731388,131.97721550814933,174.26421735025832,bs
2006,10261,female,117.62789338080628,57.38372048788894,58.40774110529109,117.188603259425,bs
2006,10261,male,101.99056886469673,47.65609477862789,47.08018619316071,99.20855804139448,bs
2006,10261,total,155.93807326552894,65.1104525232039,66.51343676106144,151.53548059357058,bs
2007,10210,female,179.66370966561863,136.05256838555755,145.36818817651854,195.47958936288364,bs
2007,10210,male,146.89781540808391,123.03838701377845,118.95530721383216,145.77030674325638,bs
2007,10210,total,256.4484456068528,187.72121900554544,207.31661046408288,293.43383109176193,bs
2007,10261,female,115.24546532929618,67.6567850158187,65.7389172292051,107.50480674325132,bs
2007,10261,male,88.55602469288687,41.93975977904036,42.82616293789707,88.5793859803972,bs
2007,10261,total,180.5076595956534,73.87140455752653,77.03366917111435,178.09993088491055,bs
2008,10210,female,196.56629084792783,162.85300414973878,179.4373467291153,207.7747688544904,bs
2008,10210,male,170.29834473676254,161.24426277032575,171.0274427381013,180.213172738414,bs
2008,10210,total,286.88852117272296,239.9273977689344,293.1316462457162,338.5353014449858,bs
2008,10261,female,90.51858234329885,51.6346663864353,52.47797474092964,92.2411786398096,bs
2008,10261,male,62.92964312673349,35.49279924843897,33.86644596940578,57.0378824508571,bs
2008,10261,total,135.3224488997481,64.63485021739935,63.7783790627679,123.15253029655253,bs
2009,10210,female,148.632472369861,115.06082925864236,151.77007648888494,184.51390846529375,bs
2009,10210,male,114.92705956229402,112.53730972345797,127.61641916690932,137.08445243976104,bs
2009,10210,total,195.26313562050095,167.77339278172636,244.86646555286688,283.1889364121933,bs
2009,10261,female,162.25849534217087,59.26645128820175,62.12604012324524,174.31499906600328,bs
2009,10261,male,111.13249247060097,47.99307429612554,49.15551093309698,117.2548799261119,bs
2009,10261,total,229.7352977459841,71.39756151245756,76.62920112816283,254.34175824736695,bs
2010,10210,female,202.8047633561861,203.58904606089197,192.94455834316705,193.4658388183637,bs
2010,10210,male,154.93513599813429,125.41619255357836,135.00262119276775,162.48087625092154,bs
2010,10210,total,298.1497544284856,256.4328585293493,284.3920025481486,324.0715977766468,bs
2010,10261,female,130.57438336779245,83.95150050691937,87.17321158766993,129.43342426885266,bs
2010,10261,male,100.42369034122504,55.65383353660118,56.692582373901985,99.56682979364452,bs
2010,10261,total,200.500480829866,103.01514996578771,108.87442995851146,192.53422858692844,bs
2011,10210,female,167.74740343570872,158.72712792542524,145.46064774409822,162.0345746031767,bs
2011,10210,male,128.32880902234413,114.4351421208723,114.1741607503232,128.15142426180572,bs
2011,10210,total,238.81278983744957,214.73306441484215,217.25803937165105,256.5815433429329,bs
2011,10261,female,83.7914869199907,83.43142012411748,79.23438646868308,79.44984704056478,bs
2011,10261,male,71.80767167640562,55.04120710344538,55.59196811934199,63.17998991527307,bs
2011,10261,total,144.30853105986787,120.50898248273764,124.92031552637826,130.2913687202246,bs
2012,10210,female,193.74058618011856,165.76449596167907,197.24524138897263,219.49790100543055,bs
2012,10210,male,203.3778779051962,182.8473934075776,162.55769348131304,182.89077634600827,bs
2012,10210,total,331.26013558934346,277.0839311149894,307.90548017809743,352.3758753794342,bs
2012,10261,female,67.59765701800285,59.0679218490838,61.68887199643325,65.24885409093993,bs
2012,10261,male,47.688785906764146,43.404491465342126,40.21787805128082,45.48056957401527,bs
2012,10261,total,101.91870136458073,84.57600057036284,88.05919463419168,103.04950261319928,bs
2013,10210,female,208.8795422863756,190.1890653629468,190.36911537529477,208.67803786389857,bs
2013,10210,male,143.13732838524416,121.18116710948853,122.60457401363594,147.46412496946337,bs
2013,10210,total,286.9791034381073,239.62146391525383,274.1564229133842,330.08333890929987,bs
2013,10261,female,88.96764060627325,71.23452037144756,67.29589747030231,84.46275450989351,bs
2013,10261,male,61.640858680382586,52.314824644329015,45.83984039780182,55.415143239724806,bs
2013,10261,total,134.43060578768765,95.46695583021165,92.3496462819661,129.43200764481097,bs
2014,10210,female,157.680591341121,137.68890547698936,149.705657692215,171.54488861587188,bs
2014,10210,male,113.21658059944812,96.89882593224426,88.1042029720573,108.10142527367712,bs
2014,10210,total,212.61130422154076,183.01017674311495,206.28135555554277,248.6732228199028,bs
2014,10261,female,41.903788523181504,37.80565714256533,51.481539972974865,56.265142814369455,bs
2014,10261,male,36.15273199218304,34.210006167310674,30.75125581841168,36.29107847133704,bs
2014,10261,total,72.8119946753375,63.45570448146573,66.49241389263169,81.71398779853749,bs
2015,10210,female,190.74525788329095,143.24901155423308,132.69634571324187,178.56996968645885,bs
2015,10210,male,134.41707193678008,90.59877909417142,94.2405381042004,149.79366585838753,bs
2015,10210,total,264.90284790541523,169.2786944526249,174.58608592078585,289.4126541350825,bs
2015,10261,female,82.60731899786732,60.89736889246556,60.56611060923412,81.10090187011724,bs
2015,10261,male,43.82394565246501,30.21280024235599,29.94832481795542,46.9763370999532,bs
2015,10261,total,97.84557870928845,58.08037271052016,62.382024157017746,112.49731495816792,bs
2016,10210,female,191.06306960266147,141.53477465403003,132.7692740686608,188.2125156867398,bs
2016,10210,male,152.80046843977482,101.7325353659558,99.90139832128988,152.38444730882344,bs
2016,10210,total,279.6343312878111,176.36412233193508,187.2839268486966,314.65867642990486,bs
2016,10261,female,94.20390377443611,86.48170234687457,79.20737599859503,86.25436141063027,bs
2016,10261,male,63.443411141010365,57.70078468937799,49.491079197077845,55.20161502075349,bs
2016,10261,total,172.26448615891124,104.66062223025332,106.95542726581247,160.36895563701813,bs
2017,10210,female,157.4895963990905,136.4053399523595,144.21439872239668,164.42300062430581,bs
2017,10210,male,149.43774972563847,128.18063112701176,138.4725554301276,163.57537254027332,bs
2017,10210,total,232.1896174837295,188.23067767190133,226.65831433109105,290.1968328067899,bs
2017,10261,female,109.08340934595216,76.81484292257534,86.03661567554312,128.62980781870957,bs
2017,10261,male,82.55185073015477,48.2891573452049,49.97381767013278,88.12328877864648,bs
2017,10261,total,162.0105347239297,81.8984769113998,92.77912642549065,199.3188888695208,bs
2018,10210,female,202.8518052598807,159.81627773621392,155.94865417088695,196.3353304726644,bs
2018,10210,male,147.31801955013069,108.98038684555544,103.71328100744398,138.4087529304521,bs
2018,10210,total,304.5584411148389,194.71857327944628,211.22323062632583,317.47597541450324,bs
2018,10261,female,122.12055480542216,67.00786462091106,65.25222147411847,130.7874953360526,bs
2018,10261,male,89.38076644072841,52.205977430943086,48.07783366464209,89.54573953380799,bs
2018,10261,total,185.190159810512,74.62861749760452,72.1067586267584,201.0708523012514,bs
2019,10210,female,169.22242502184693,114.11645812296968,131.5889512687664,193.75836656262723,bs
2019,10210,male,120.80120038415365,89.76149851311358,101.4663980075514,140.71357293016064,bs
2019,10210,total,215.84229479094745,133.8324839098741,176.51219397235403,300.42509105222007,bs
2019,10261,female,118.34848953238256,61.43647640548741,55.15881304856917,111.26604730316782,bs
2019,10261,male,104.97947758156155,38.84058090219287,34.488688973940704,98.43918542457992,bs
2019,10261,total,209.62257496716188,61.05844152222982,54.535132824884904,204.46556334193323,bs
2021,10210,female,81.76078859822671,16.84989906554297,18.74805373059889,135.5429750824493,bs
2021,10210,male,99.8454634605416,27.23764886257833,29.071798637039947,120.17244103080282,bs
2021,10210,total,135.81624760546447,22.14385603452943,24.702480322468197,231.94435944671076,bs
2021,10261,female,126.11023211967716,66.17688103981833,61.99740657443895,127.45199897910938,bs
2021,10261,male,154.42806736400482,68.92833790867957,61.85925977431913,146.7194349639564,bs
2021,10261,total,265.4236200659823,99.05713754374916,91.4117185120169,270.52340986812936,bs
1984,21720,female,28.11046466752777,25.633580596838534,39.87861887037662,44.37024950341243,bs
1984,21720,male,54.24725281476103,49.83083234659443,36.55044913862449,66.0774693227077,bs
1984,21720,total,56.94877498848204,52.204633161836064,51.22703065723094,83.12977200650536,bs
1988,21720,female,127.06326030540184,112.32730890325776,93.28700413827968,123.97403938430313,bs
1988,21720,male,138.54628920054006,105.59919108992152,87.16041641457629,138.3862972075115,bs
1988,21720,total,212.67322143377757,165.93032893546493,128.36648844319927,198.3388935067632,bs
1989,21720,female,120.25477829725064,97.3105590693392,76.27947294796283,120.88807902008504,bs
1989,21720,male,123.8638730013806,115.84924009296716,106.94075687052978,131.52240606019055,bs
1989,21720,total,200.61385131771593,172.731080084433,144.43362038003562,200.00401427515487,bs
1990,21720,female,85.24906422538804,78.98900002844815,76.66859188868067,102.58269464484668,bs
1990,21720,male,110.6995993536103,91.37462749744574,88.63684359940969,132.59635094856841,bs
1990,21720,total,131.8593162663557,114.83966600732757,109.37335192235376,161.89704584585283,bs
1991,21720,female,96.63616511440082,57.661076057754826,32.77358751668575,96.95508123509045,bs
1991,21720,male,101.1839408819408,55.30476637922308,33.38354029486828,106.08127666596609,bs
1991,21720,total,138.80202214238187,67.40778614895731,36.194976345491334,137.55729146684698,bs
1992,21720,female,129.2521394933299,28.816206174772606,20.50207105546065,147.97107308146698,bs
1992,21720,male,127.89534945095777,28.153728198161975,21.309463225095644,121.4466265240701,bs
1992,21720,total,194.7241688109413,31.56210826174862,22.482309104578015,181.83157465984317,bs
1993,21720,female,121.26383788227622,46.388298973044826,36.90410968995474,112.0706965684567,bs
1993,21720,male,90.03258976348596,36.43854209943516,29.27281131672779,90.94564803183276,bs
1993,21720,total,153.99942822592283,64.43119358266382,50.98144954081602,142.12533773919688,bs
1994,21720,female,88.20084861814617,80.78753141823627,101.01970104307408,146.28483679051874,bs
1994,21720,male,61.802826730645265,50.513777959672176,96.3890673494474,138.73403405839176,bs
1994,21720,total,93.45626541124804,79.4946609500279,135.24324881628152,208.84540591285435,bs
1995,21720,female,70.59804177712519,42.1068914130597,66.91235331601554,122.62301395892148,bs
1995,21720,male,46.900542159279894,31.54180490786491,79.2298446240472,122.5399759960528,bs
1995,21720,total,77.36877320581043,45.62965679595641,108.03626089529328,165.28815151280858,bs
1996,21720,female,83.5017657562005,72.17070048360213,81.38442364957409,99.70969082696897,bs
1996,21720,male,81.12338702715653,64.19858287886049,92.49745268257884,141.28108392203526,bs
1996,21720,total,104.03614459211092,81.5380008456785,109.97767903574685,158.12760466295424,bs
1997,21720,female,100.44501229092572,111.39044553716934,101.55486944125239,99.86082825575188,bs
1997,21720,male,130.31823289066455,114.7033811352998,106.26431151544512,126.3190572845786,bs
1997,21720,total,96.60234100564986,101.22414782857648,94.21420812985346,91.55430303018396,bs
1998,21720,female,54.96502080702291,58.79995968109733,95.41258470756851,121.73340786686948,bs
1998,21720,male,66.23011903526665,86.81146313684997,70.04615771202072,120.08693948103796,bs
1998,21720,total,85.79813246090326,114.91457625430796,107.18755125075911,167.71034533141523,bs
1999,21720,female,123.02333335220804,70.81950657318575,55.51826072561615,176.99069034656867,bs
1999,21720,male,143.9014077057658,80.88436892957556,55.787576381178575,159.24038423855,bs
1999,21720,total,185.690545195845,94.7159653484798,63.66552000166057,225.9821241329488,bs
2000,21720,female,109.8878122173795,50.33561449785662,50.83866798823609,121.48279004355264,bs
2000,21720,male,140.0015559596295,64.40419693672912,64.80135306047214,148.9762741042053,bs
2000,21720,total,147.31399264607583,66.6913805691539,66.68187351680037,157.12574747261132,bs
2001,21720,female,150.10289733606618,120.5675814525042,106.69512502617218,169.37969420304253,bs
2001,21720,male,192.09723017280783,133.43485179896282,85.08056183946839,242.6391460413637,bs
2001,21720,total,236.27375235039736,174.14767737011655,118.48892080300334,302.47429490070755,bs
2002,21720,female,121.67276580645442,46.20291415390896,38.54539176476268,224.8878269104354,bs
2002,21720,male,150.34359230802735,50.50328295500445,38.690358860254264,220.50405132045145,bs
2002,21720,total,180.1449853913064,54.48395288385405,42.2127239620924,332.05942512990794,bs
2003,21720,female,168.07565785682985,145.79019945354142,119.90697430335284,168.35530748618245,bs
2003,21720,male,199.71919092413347,142.79824266736696,122.8940906073942,209.50154984107223,bs
2003,21720,total,253.58369694032328,194.2460383009172,157.6937519160764,269.0748113162158,bs
2004,21720,female,143.37673065204424,102.1048811597549,101.04727175077429,217.30403096673857,bs
2004,21720,male,132.33747035361228,96.05616353633256,126.65900391830534,225.0514180066306,bs
2004,21720,total,176.1736723865503,120.96260449628764,139.5362678967423,297.09230831757225,bs
2005,21720,female,128.04667010097248,68.04002693797584,73.58633710072066,161.82713191814454,bs
2005,21720,male,144.48867196840428,82.1838765374971,89.18850241933622,180.4951905570429,bs
2005,21720,total,167.6060702699419,86.65380144871399,93.76823943953065,212.69299006611723,bs
2006,21720,female,309.2449733792033,240.81150912491344,192.48566851289368,392.80409920695826,bs
2006,21720,male,328.4299354090181,238.25458899061215,171.91585398050535,357.72250230020944,bs
2006,21720,total,421.3619119458724,291.84302591903867,243.560153774933,505.5591079126722,bs
2007,21720,female,104.789477309028,113.15785257189874,103.4373582278988,102.84109686002375,bs
2007,21720,male,99.47834880367782,93.96235525032075,95.86122746447484,99.83881139232894,bs
2007,21720,total,49.60584213135717,47.56582791548029,57.67473792448069,59.92461021751863,bs
2008,21720,female,59.36323644594859,43.99353926683767,164.479292892458,210.42459231750104,bs
2008,21720,male,55.33912868301838,42.64669782627641,152.822023649999,196.39203003433536,bs
2008,21720,total,75.18645185103927,56.336557951950766,207.9030506433342,257.34392863811354,bs
2009,21720,female,143.1206058549451,93.12759273002344,198.78307136612216,327.2254094524771,bs
2009,21720,male,136.99598577738894,82.97185564061986,169.9810893543961,316.61271863362094,bs
2009,21720,total,145.36851061522574,113.8096872746938,179.03802036825493,210.1166991191192,bs
2010,21720,female,49.69210317153348,36.85257274683782,106.9816339545476,151.39109014218002,bs
2010,21720,male,27.339247659573395,20.015367028874177,77.71634600400337,131.80553531966203,bs
2010,21720,total,41.712434264994776,30.537294155448365,109.74203649163394,166.42823519316946,bs
2011,21720,female,42.179799642167154,27.36009314826291,77.09324609671621,183.75520336840836,bs
2011,21720,male,40.80989208340681,24.89197157068364,65.51370632777318,210.4214690097103,bs
2011,21720,total,46.31557960481701,30.031125263156973,73.50907409787426,137.4923717946183,bs
2012,21720,female,28.15271347832149,20.921882852207776,66.1977656709464,157.32571503155492,bs
2012,21720,male,38.802725214054746,29.70582041040971,85.19211430675583,158.1980024242162,bs
2012,21720,total,53.08603277203723,41.89212803404924,103.80704700271065,158.69794798940154,bs
2013,21720,female,54.06004801094904,35.95137274293674,88.22123670053077,120.2095927933288,bs
2013,21720,male,51.68260705172293,34.15766071385555,86.37387367884108,128.4531508257543,bs
2013,21720,total,65.95627926604875,43.66868165149151,105.33773441808064,138.81030712593116,bs
2014,21720,female,139.02303209388006,117.44079833798092,120.72656511883264,134.89125528913326,bs
2014,21720,male,117.49689285497578,100.11543773589229,103.66278870099356,122.1084012886242,bs
2014,21720,total,133.66895625659402,113.79446743222788,113.33687312079772,128.11379566602125,bs
2015,21720,female,91.14192194548512,28.493571224077694,42.57284564935371,315.8083085857036,bs
2015,21720,male,63.33020422613841,21.891976105733743,38.65611197335662,326.8498684400672,bs
2015,21720,total,81.9286772737878,25.55516348857761,42.24393969274616,396.78579972570526,bs
2016,21720,female,121.49726382960968,72.51932133438261,126.04938762255092,353.1905880091437,bs
2016,21720,male,145.50211712870225,90.43950007950124,122.244835651123,351.9062459515588,bs
2016,21720,total,153.4754928469655,88.82273515365186,144.31940328416434,533.2280217529214,bs
2017,21720,female,112.05323072432267,68.35748768944688,87.96126632514577,290.8570850802564,bs
2017,21720,male,124.32229510756775,91.92222066350526,106.06182631207427,325.0873515562556,bs
2017,21720,total,136.92672283038954,86.14577836988443,108.82996554215308,433.16651470682706,bs
2018,21720,female,121.03767120808769,87.65846576717864,119.60969687789574,283.04710470886926,bs
2018,21720,male,112.125372267909,94.64634719854092,117.54549293843718,256.6773069638825,bs
2018,21720,total,135.9818474186911,102.20582084036717,139.2006065769516,364.71987796482335,bs
2019,21720,female,88.10525430638283,9.209680693228034,9.69086420062523,225.22434644699712,bs
2019,21720,male,87.99617011367485,9.406771282759175,10.320909845685224,237.99546164560883,bs
2019,21720,total,98.0461134318111,9.581659324583557,10.318762516422376,267.2097061999504,bs
2021,21720,female,136.22380166381254,93.83342094530336,84.61045618028342,359.626408352956,bs
2021,21720,male,196.59643870469807,85.42223630160667,59.770856816294675,355.15370151881893,bs
2021,21720,total,197.32468609283453,100.2111802737472,76.17830341782827,526.1631577770802,bs
1982,21740,female,152.62235876652062,61.49448546948953,65.35815645823328,157.70792100969885,bs
1982,21740,male,109.85325449981543,46.669327767113366,54.41049952803751,130.4891977316652,bs
1982,21740,total,185.3322483832566,66.83320690397655,71.73340473585964,208.649322765096,bs
1983,21740,female,100.9993175592218,34.960038858130936,52.55482863577528,187.9585533706542,bs
1983,21740,male,72.14115838258007,27.98555256623693,46.377255669536595,164.41971880148242,bs
1983,21740,total,58.278814521778536,36.91402370659969,47.16552184611996,65.4436957919912,bs
1984,21740,female,44.37010041957715,15.75283227406398,24.240885638453033,198.9804361061599,bs
1984,21740,male,55.447986725794266,19.609390152270848,28.779173023472367,175.27635058551533,bs
1984,21740,total,61.27525784573132,20.386973882285673,31.312995417992635,318.77843331139024,bs
1985,21740,female,93.73970838522123,55.31544640415908,63.766961163643494,113.81823736391507,bs
1985,21740,male,102.81251807073193,62.340744648571494,75.23953553931648,126.57557917425528,bs
1985,21740,total,86.18902680407714,65.80586224199871,71.94496609330189,93.39391026843748,bs
1986,21740,female,117.39846530089818,88.56126398461083,92.26642748890436,159.77576659792618,bs
1986,21740,male,117.9318057718731,87.33027418381845,69.69761921820641,116.48991792787253,bs
1986,21740,total,189.9017376025703,147.96610858728232,138.0768820968802,215.51945183554477,bs
1987,21740,female,52.42175866891006,38.850093602372624,75.34813330752999,151.48154586820857,bs
1987,21740,male,50.48240394819607,38.71878179603293,70.11998934890252,131.76864064163723,bs
1987,21740,total,62.247509816374304,45.98180880097737,92.18736684128736,191.76398445034835,bs
1988,21740,female,62.41409837694898,40.194805669091494,55.029087936311946,113.45507400644742,bs
1988,21740,male,67.47788460807784,37.40652955198986,41.29779492890413,110.42953851738784,bs
1988,21740,total,88.58925136355961,49.574612037661844,62.08025583933712,175.73361589073545,bs
1989,21740,female,44.79807820932308,28.662714888302695,58.5658532571933,166.00692585451048,bs
1989,21740,male,46.463535443492844,28.52725214027092,49.52189426284437,145.2292387954732,bs
1989,21740,total,57.82473824646862,34.88300008147077,69.89267574855474,267.9701562703252,bs
1990,21740,female,29.414845595323527,20.65240333462238,52.6273685869856,183.22962148963217,bs
1990,21740,male,38.98083205664522,25.761760994959904,60.96310272821607,145.29673222683098,bs
1990,21740,total,49.940275153380185,34.198828195778454,86.07251221925216,224.57445657556903,bs
1991,21740,female,43.41215941046185,34.91838986327204,68.13292042014254,94.61346239829751,bs
1991,21740,male,49.586590636295355,38.36058292149429,68.9025330878453,96.1145977472566,bs
1991,21740,total,85.641869831231,67.54429425350975,125.60025923519014,174.48830200832666,bs
1992,21740,female,81.11043439431569,56.15919072920529,74.84859543625156,101.1269575055809,bs
1992,21740,male,88.59991238074629,66.05183396713421,85.60736124502722,103.3399296608051,bs
1992,21740,total,101.210604379326,86.54669463782496,112.55015276270268,113.53417243170786,bs
1993,21740,female,67.07383381678532,55.61562496291603,114.5940092367833,167.82085976820636,bs
1993,21740,male,82.28158500345607,76.51589055853478,108.50135995531367,126.6567436610314,bs
1993,21740,total,77.15767040662773,72.11069350542304,90.51096878827086,97.2767347785998,bs
1994,21740,female,83.62563688270427,67.21644744927097,92.4542451071474,147.7684460363411,bs
1994,21740,male,46.403343957059654,29.98630435463068,80.59759005264598,168.04742151836967,bs
1994,21740,total,83.27119004033649,63.0091856925192,112.22910733203518,146.67397392437053,bs
1995,21740,female,114.7616084039563,59.60531303121428,70.27065354637516,122.27748008723296,bs
1995,21740,male,92.70284753120632,53.34378327375614,68.12561359796364,110.51201441417572,bs
1995,21740,total,104.18031284407932,63.6048349926936,74.61720214515704,112.31751896265084,bs
1996,21740,female,140.3900095248373,74.87020469329154,95.19667498228696,189.19577660395555,bs
1996,21740,male,159.08743572890313,59.33320764264347,64.76378415721314,151.77325613705776,bs
1996,21740,total,274.57747157377287,117.330373179737,137.04048343926303,299.56869194118127,bs
1997,21740,female,63.06442003685653,32.91806493241732,46.3503952024906,120.52880881016064,bs
1997,21740,male,55.563237079788955,33.61166319235881,49.48084986792744,93.20167878484662,bs
1997,21740,total,82.16899765965282,55.19801581804574,71.77810448805756,110.57511688037562,bs
1998,21740,female,50.2185022434624,27.15250404513401,65.11271643452301,169.1805938286914,bs
1998,21740,male,43.39816702499976,23.002872924715582,52.698602403141386,147.29314882976664,bs
1998,21740,total,65.71148926160024,34.470257927277935,88.84922300868702,283.29748427849853,bs
1999,21740,female,50.78059191001875,27.614383240388857,57.74669241288766,183.1985193419262,bs
1999,21740,male,117.79906266238832,52.27374288657163,62.95860576958542,153.27755228303806,bs
1999,21740,total,101.8346466350464,49.23612786673626,83.78621143482628,261.80372893203656,bs
2000,21740,female,51.73375938311096,28.266438342524,46.01316309300035,158.6628578982571,bs
2000,21740,male,86.67031584954746,43.813419770186506,56.90786840766527,155.84328700960427,bs
2000,21740,total,90.24006274066414,47.18405137512211,71.062435250088555,229.36154796692975,bs
2001,21740,female,116.37754890544473,91.99674976666458,157.97360382612263,204.6203921399125,bs
2001,21740,male,165.29103834300136,120.73955567343135,146.39666899696252,196.22979609832151,bs
2001,21740,total,199.70439864114695,151.72214525014886,213.42853048700343,284.52821993383657,bs
2002,21740,female,144.55387913607882,117.30747029211388,176.39419081733004,219.61338843957412,bs
2002,21740,male,139.67511368093238,109.36849839623012,123.42072327878417,157.33365826843524,bs
2002,21740,total,216.10126725224703,168.00172168685907,240.6386159247822,332.93671673848223,bs
2003,21740,female,149.5908943219624,122.79628361278913,131.80540871997715,179.91932955643423,bs
2003,21740,male,82.75550919234252,66.68475123945659,89.03726713710005,115.30367937546934,bs
2003,21740,total,140.3039558175964,111.12732797697213,154.52389320368562,218.85443141120996,bs
2004,21740,female,166.65900294761818,121.86004523346476,142.7778223833598,184.4922111067675,bs
2004,21740,male,144.75118694263702,117.96862555876166,133.34307344081395,135.6377905220981,bs
2004,21740,total,229.58924726573977,169.40874279497345,213.5148614760349,238.9829588034006,bs
2005,21740,female,128.71151858452143,71.15002690884509,84.08516282117947,132.9091160344334,bs
2005,21740,male,145.26792675498044,89.69362965094807,108.60250435439168,162.50422739200516,bs
2005,21740,total,211.4726679069923,107.96825897136658,144.69370663966603,263.2018169949593,bs
2006,21740,female,251.5726125572068,242.39418448780077,187.09861275364224,213.56081684992444,bs
2006,21740,male,228.12675125934143,170.80359794169976,156.82862429134764,213.5409115537106,bs
2006,21740,total,393.0433783614017,364.5329851172786,319.1369847067583,373.716985469498,bs
2007,21740,female,130.99567530479746,72.39485637979723,51.58239129204512,125.3083166851093,bs
2007,21740,male,195.25075237222737,111.91209544780628,76.16923286450924,154.51341739727474,bs
2007,21740,total,226.16149735433405,142.77186295443948,108.1634662752666,210.13987788624257,bs
2008,21740,female,175.91846934481103,178.06072683184544,145.90370388002435,165.77150624356875,bs
2008,21740,male,191.24000698143956,206.23302926536604,146.15078583850723,175.69793111584724,bs
2008,21740,total,297.56381956104974,305.9337911740534,244.51842341443808,300.0931470965836,bs
2009,21740,female,112.88888740491768,112.63724455702702,90.9668457109884,106.27559617474104,bs
2009,21740,male,109.06480132234114,100.43349974440372,100.35966497012882,109.53658568574026,bs
2009,21740,total,192.19880213863587,188.49842187348364,170.4619163248718,186.7079119968858,bs
2010,21740,female,83.30780596535362,37.95095347174578,64.76498635475814,169.40828135681525,bs
2010,21740,male,85.24543813279877,42.60059069172052,75.6744692932909,162.6811681622417,bs
2010,21740,total,110.68762837309116,50.29595936585847,92.37755042568658,233.7368688690995,bs
2011,21740,female,143.5009117991952,88.90885071051113,133.14598287031106,235.8828544796191,bs
2011,21740,male,98.0656173869539,55.82156560866244,111.51551939821782,236.8778115084539,bs
2011,21740,total,176.18941871751062,104.92785889046948,173.971554475519,317.5542305587672,bs
2012,21740,female,75.62309174666031,47.19554355312392,135.55945826260032,239.81612830294551,bs
2012,21740,male,67.66389393124508,44.34718716770098,134.20972635502565,235.3187905306509,bs
2012,21740,total,102.18039538471751,65.37751355042846,197.96723362108796,342.57920699757926,bs
2013,21740,female,42.95732070320586,34.961374842077916,158.61337899563577,264.29581392163715,bs
2013,21740,male,42.76699362781774,26.831082166786384,103.88738701570075,233.11357368446343,bs
2013,21740,total,61.450121847034595,43.68350708861531,199.965932396708,423.8573678333221,bs
2014,21740,female,76.19509158575542,72.16474048050743,134.2236181878396,277.0867493920795,bs
2014,21740,male,76.06281200037738,83.63929287040482,184.42657956698747,239.17012822108111,bs
2014,21740,total,109.44378353356628,115.09523740996032,245.20766096695445,387.27208028270974,bs
2015,21740,female,78.6041586784053,71.61541248332092,240.91850782325005,358.832559810249,bs
2015,21740,male,97.33538226446063,65.68536962038618,124.94301717527036,361.05711641434226,bs
2015,21740,total,104.95597363993124,83.64911376030118,227.8866710562552,542.2439090560396,bs
2016,21740,female,115.27967196273212,59.24564836610676,122.5175959197847,331.510114356487,bs
2016,21740,male,97.1290186519046,59.14177864053146,144.85606350581594,331.17582280772007,bs
2016,21740,total,121.73489618769366,66.737967986224,164.80327700137735,479.51596073409576,bs
2017,21740,female,203.9767829147065,95.96282919084985,121.3755800123906,349.5913716602625,bs
2017,21740,male,220.4585814236135,118.67171270995804,130.47354077703474,376.48372121883494,bs
2017,21740,total,295.45419728632095,131.99139291040706,164.8016227853224,665.9805504444753,bs
2018,21740,female,141.0006618542516,101.72352987237448,108.90005893613804,193.40998149759525,bs
2018,21740,male,143.89840400730986,112.7340947574897,143.32184449519954,220.89683256318403,bs
2018,21740,total,185.90700603312936,142.32597533106232,165.10933078754394,265.90207577717626,bs
2019,21740,female,65.42852736919946,84.44912045365314,197.40125052124003,341.30781077992594,bs
2019,21740,male,82.3325235897799,112.19063968619275,151.79430451942716,340.0296142554163,bs
2019,21740,total,92.42039254701082,126.71221931551057,229.18361982685252,438.70017028339754,bs
2021,21740,female,100.9288855500773,92.3360470683468,187.05586176568903,217.80239276404308,bs
2021,21740,male,109.73572971952176,83.57838003998245,170.927909163415,236.8192330659301,bs
2021,21740,total,138.78086764075937,112.63521111100378,263.00956777948187,349.67796901195857,bs
2022,21740,female,137.4676098932185,112.70871742510391,228.22839403823633,277.83541544407296,bs
2022,21740,male,130.1571989915034,101.32912698548036,231.12023511035844,289.2263388294669,bs
2022,21740,total,174.03266940457058,135.15730552125157,339.9862878828192,439.4272864943397,bs
